,id,feature,交房时间,产权年限,优惠折扣,占地面积,参考单价,售楼地址,在售户型,地上车位数,地下车位数,容  积  率,工程进度,建筑类型,建筑面积,开  发  商,投  资  商,最低首付,最新开盘,楼层状况,楼盘地址,楼盘总价,物  业  费,物业公司,环线配置,绿  化  率,装修标准,规划用户,车  位  数,车  位  比,销售情况
0,当代万国府MOMΛ,"['今年交房', '项目在建', '装修交付', '品牌开发商', '人车分流', '公园', '学校', '银行', '南北通透', '大户型']",2019-12-30,住宅 70年 别墅 70年,暂无数据,48207m²,住宅待定,佛山市南海区金融高新区海八路与一环交汇处(中控大厦旁) 南海金融高新区海八路与一环交汇处(中控大厦旁),4室户型(5)，5室户型(1),暂无数据,1200,"住宅:3,别墅:3",在建中，竣工时间：2017-12-30,住宅:高层 别墅:叠加别墅,198232m²,暂无数据,佛山当代绿色置业有限公司,别墅 120万（首付比例：30%),2018-11-09,8栋31-48层的高层、超高层住宅以及8栋叠墅,[南海-千灯湖]海八东路7号,别墅400-700万元/套,住宅:2.99元/平米/月,第一物业服务有限公司,暂无数据,30%,暂无数据,1100户,1200个,1:1.1,在售
1,广佛新世界花园洋房,"['项目在建', '装修交付', '大平层', '品牌开发商', '大型社区', '厨卫全明', '大户型', '双卫生间', '双阳台', '主卧套房']",2020-06-30,住宅 70年,暂无数据,3000000m²,住宅16500元/㎡,佛山市南海区高尔夫路333号广佛新世界广佛之心展览馆,2室户型(1)，3室户型(4)，4室户型(1),暂无数据,暂无数据,住宅:0.8,在建中，竣工时间：2018-12-31,住宅:小高层 花园洋房,2000000m²,佛山大浩湖房地产发展有限公司,新世界中国地产,住宅 19.8万（首付比例：30%),2019-04-30,9层小高层,[南海-狮山]高尔夫路333号(佛山西站旁),住宅66-277万元/套,住宅:3.2元/平米/月,广州锦日物业服务有限公司,暂无数据,60%,暂无数据,8000户,8000个,1:1,在售
2,中交雅居乐剑桥郡,"['项目在建', '装修交付', '品牌开发商', '大型社区', '车位充足', '人车分流', '南北通透', '厨卫全明', '大户型', '双卫生间']",2021-05-31,住宅 70年,暂无数据,10957m²,住宅15000元/㎡,广东省佛山市顺德区乐从镇新桂路与创富三路交汇处东北侧,3室户型(3)，4室户型(2),151,1376,住宅:2.8,在建中，竣工时间：2020-12-31,住宅:高层,418718m²,佛山中交房地产开发有限公司、佛山香颂置业有限公司,暂无数据,住宅 43.5万（首付比例：30%),2019-01-12,规划28栋中高层洋房，19-24层高,[顺德-乐从]佛山新城南,住宅145-155万元/套,住宅:3元/平米/月,雅居乐雅生活服务股份有限公司顺德分公司,暂无数据,30%,暂无数据,2628户,2230个,1:0.8,在售
3,鸿安花园,"['今年交房', '项目在建', '大型社区', '车位充足', '人车分流', '购物中心', '医院', '学校', '银行', '便利店']",11座预计2020年中交房,住宅 70年,暂无数据,120000m²,住宅8800-10200元/㎡,佛山市三水区西南西青大道21号（北江小学旁）,3室户型(13)，4室户型(4),暂无数据,暂无数据,住宅:3.8,在建中，竣工时间：2017-12-31,住宅:高层,600000m²,鸿安房地产开发有限公司,佛山市三水鸿安房地产开发有限公司,住宅 24.3万（首付比例：30%),2019-01-26,32层,[三水-西南]西青大道23号,住宅81-108万元/套,住宅:2元/平米/月,鸿安物业,暂无数据,33%,暂无数据,3852户,1269个,1:0.3,在售
4,佛奥湾,"['装修交付', '大平层', '品牌开发商', '大型社区', '车位充足', '购物中心', '学校', '银行', '便利店', '配套纯熟']",2019-09-30,住宅 70年,暂无数据,133400m²,住宅13750元/㎡起,佛山市顺德区乐从镇乐从大道东B268号,2室户型(2)，3室户型(7)，4室户型(2)，5室户型(1),暂无数据,550,住宅:4,已竣工，交房时间：2014-12-30,住宅:小高层 高层,660000m²,佛山市奥园置业投资有限公司,佛山市奥园置业投资有限公司,住宅 50.7万（首付比例：30%),2017-12-19,楼高39层，2梯4户或2梯6户设计,[顺德-乐从]乐从大道东B268号,住宅169万元/套起,住宅:3元/平米/月,佛山市佛奥物业管理服务公司,暂无数据,34%,暂无数据,2000户 (总共 2000 户 当期 300 户),550个(2864个地下停车位，296个地上停车位，汽车位配比是1：1),1:0.3,在售
5,华远远洋·海蓝城,"['低单价', '项目在建', '品牌开发商', '大型社区', '南北通透', '三房朝南', '厨卫全明', '大户型', '大阳台', '双卫生间']",2020-12-31,住宅 70年,暂无数据,82036m²,住宅13000元/㎡,佛山市三水区三水新城 映海路（华中师大附中旁）,3室户型(3)，4室户型(2),暂无数据,暂无数据,住宅:2.7,在建中，竣工时间：2019-12-31,住宅:高层,296136m²,佛山市华信致远房地产开发有限公司,华远地产,住宅 35.4万（首付比例：30%),2019-04-06,楼高18-33层,[三水-三水新城]三水新城 映海路（华中师大附中旁）,住宅118-150万元/套,住宅:2.28元/平米/月,北京中原华夏物业管理有限公司,暂无数据,35%,暂无数据,2126户,2165个,1:1,在售
6,观景豪园,"['今年交房', '项目在建', '装修交付', '大型社区', '人车分流', '银行', '便利店', '厨卫全明', '大户型', '双卫生间']",2020-12-31,住宅 70年 商业 40年,暂无数据,66109m²,"住宅11000元/㎡(单价范围 11000-11600元/㎡), 商业待定",三水区西南贤兴路与兴达路交汇处,3室户型(11)，4室户型(5)，5室户型(4),暂无数据,暂无数据,"住宅:3.5,商业:3.5",在建中，竣工时间：2018-11-30,住宅:高层 商业 高层,300472m²,佛山市三水区海景蓝湾房地产发展有限公司,暂无数据,住宅 30.3万（首付比例：30%),2019-03-02,高层,[三水-西南]兴达路11号,住宅101-194万元/套,住宅:2.28元/平米/月 商业:3.8元/平米/月,汇源恒通物业管理公司,暂无数据,35%,暂无数据,1940户,1952个,1:1,在售
7,世茂望德,"['项目在建', '品牌开发商', '大型社区', '车位充足', '人车分流', '公园', '厨卫全明', '复式', '大阳台', '双卫生间']",2021-12-31,住宅 70年,暂无数据,55008m²,住宅23000元/㎡,佛山市禅城区华祥路南侧（半月岛湿地公园旁）,3室户型(2)，4室户型(1),暂无数据,暂无数据,住宅:3.5,在建中，竣工时间：2019-12-31,住宅:高层,259536m²,佛山市新纪元置业有限公司,世茂地产,住宅 66万（首付比例：30%),2019-03-30,楼高33层，2梯6户设计；楼高32层，2梯2户/2梯4户设计,[禅城-奇槎]华祥路南侧（半月岛湿地公园旁）,住宅220-239万元/套,住宅:2.75元/平米/月,世茂天成物业服务集团有限公司,暂无数据,30%,暂无数据,1758户,1615个,1:0.9,在售
8,瀚洋居,"['项目在建', '车位充足', '购物中心', '银行', '便利店', '厨卫全明', '大户型', '双卫生间', '今年交房', '人气楼盘']",2019-10-31,住宅 70年,暂无数据,28856m²,住宅8080-8400元/㎡,佛山市三水区西南街道锦欣路2号,3室户型(10),暂无数据,300,住宅:2.49,在建中，竣工时间：2017-12-30,住宅:高层,91524m²,瀚洋房地产开发有限公司,佛山市三水区瀚洋房地产有限公司,住宅 10.8万（首付比例：20%),2018-10-01,25层,[三水-西南]锦欣路2号,住宅54-100万元/套,住宅:1.9元/平米/月,新前景物业,暂无数据,25%,暂无数据,374户,300个,1:0.8,在售
9,颐安灝景湾,"['项目在建', '装修交付', '品牌开发商', '大型社区', '南北通透', '厨卫全明', '大户型', '双卫生间', '双阳台', '主卧套房']",预计2020年6月交房,住宅 70年,暂无数据,110000m²,住宅15000元/㎡,佛山市顺德区容桂街道容里居委会建丰路以西、昌明西路以东,3室户型(12)，4室户型(14),暂无数据,暂无数据,住宅:3,在建中，竣工时间：2020-01-30,住宅:高层,350000m²,佛山市钜创房地产开发有限公司,深圳市颐安投资集团有限公司,住宅 47.1万（首付比例：30%),2019-03-07,高层,[顺德-容桂]容里居委会建丰路以西、昌明西路以东,住宅157-213万元/套,住宅:2.98-3.5元/平米/月,深圳市颐安物业服务有限公司顺德分公司,暂无数据,35%,暂无数据,2852户,3528个,1:1.24,在售
10,中国通号天聚广场,"['低单价', '项目在建', '人车分流', '南北通透', '厨卫全明', '复式', '大户型', '双卫生间', '双阳台', '主卧套房']",2021-06-30,住宅 70年 商业 40年,暂无数据,113291m²,"住宅10500元/㎡, 商业8500元/㎡",广东省佛山市三水区云东海街道城轨三水北站南侧,2室户型(6)，3室户型(18)，商业户型(3),10,2091,"住宅:3.33,商业:3.33",在建中，竣工时间：暂无数据,住宅:高层 商业 高层,473462m²,通号佛山置业有限公司,暂无数据,住宅 27万（首付比例：30%)，商业 9.6万（首付比例：30%),2019-03-16,楼高30层，2梯4户,[三水-三水新城]城轨三水北站南侧,"住宅90-133万元/套, 商业32-42万元/套",住宅:2.28元/平米/月 商业:2.28元/平米/月,通号置业有限公司,暂无数据,18%,暂无数据,960户,2101个,1:2,在售
11,恒大郦湖城,"['恒大大优惠', '项目在建', '装修交付', '大平层', '品牌开发商', '大型社区', '车位充足', '人车分流', '便利店', '厨卫全明']",2020-07-31,住宅 70年,暂无数据,358214m²,住宅8753元/㎡起(均价 10000元/㎡),佛山三水西南街道碧云路与锦河三路交汇处西侧（二广高速唐家收费站出口旁） 西南街道碧云路与锦河三路交汇处西侧 佛山三水西南街道碧云路与锦河三路交汇处西侧（二广高速唐家收费站出口旁）,3室户型(9)，4室户型(5),暂无数据,1000,住宅:2,在建中，竣工时间：2018-08-30,住宅:小高层 高层,1000000m²,佛山市三水盈盛房地产发展有限公司,恒大集团,住宅 24.9万（首付比例：30%),2018-09-15,33栋高层洋房；17栋情景洋房,[三水-西南]527县道,住宅83-178万元/套,住宅:2.28元/平米/月,金碧物业,暂无数据,35%,暂无数据,6333户,1200个,1:0.2,在售
12,金茂绿岛湖,"['今年交房', '项目在建', '品牌开发商', '大型社区', '人车分流', '厨卫全明', '大户型', '双卫生间', '双阳台', '人气楼盘']",2021-04-30,住宅 70年 别墅 70年,暂无数据,205683m²,"住宅15000-16000元/㎡(均价 15000元/㎡), 别墅待定",佛山市禅城区绿岛湖弘德北路（原南庄月映）,3室户型(3)，4室户型(3)，5室户型(1)，别墅户型(1),暂无数据,暂无数据,"住宅:2.5,别墅:2.5",在建中，竣工时间：2018-12-30,住宅:高层 别墅:联排别墅 双拼别墅,680000m²,佛山市茂兴房地产开发有限公司,中国金茂控股集团有限公司,住宅 44.1万（首付比例：30%),预计4月加推洋房新品,别墅3层，高层28-30层,[禅城-南庄]弘德北路,住宅147-453万元/套,住宅:2.9元/平米/月 别墅:4.5元/平米/月,金茂物业,暂无数据,35%,暂无数据,2928户,3751个,1:1.3,在售
13,碧桂园翡翠山,"['今年交房', '低单价', '项目在建', '装修交付', '大型社区', '车位充足', '南北通透', '三房朝南', '厨卫全明', '大户型']",2020-12-30,住宅 70年,暂无数据,866000m²,住宅10000元/㎡(单价范围 9500-10500元/㎡),佛山市三水区云东海街道森林公园里,3室户型(2)，4室户型(3),暂无数据,700,住宅:1,在建中，竣工时间：2019-03-30,住宅:高层,510000m²,佛山市三水区碧桂园房地产开发有限公司,佛山市三水区碧桂园房地产开发有限公司,住宅 29.7万（首付比例：30%),2019-03-12,洋房组团层数地上28层，地下1-2层，层高3米。,[三水-三水新城]三水森林公园内,住宅99-145万元/套,住宅:2.28元/平米/月,碧桂园物业,暂无数据,53%,暂无数据,3850户 (3612套洋房，238套别墅),700个,1:0.2,在售
14,碧桂园翡翠湾,"['低单价', '项目在建', '装修交付', '大型社区', '车位充足', '学校', '银行', '南北通透', '厨卫全明', '大户型']",2019-09-30,住宅 70年,购房客户享受98折优惠,293333m²,住宅8888元/㎡(单价范围 8588-8888元/㎡),佛山市南海区西樵镇西岸新城区新城中路北101号（西岸大桥侧） 西樵镇西岸新城区新城中路北101号（西岸大桥侧）,3室户型(1)，4室户型(3),暂无数据,1300,住宅:2.5,在建中，竣工时间：2018-12-30,住宅:高层,703021m²,广东业和房地产开发有限公司,广东业和房地产开发有限公司,住宅 26.4万（首付比例：30%),2019-01-19,楼高26层，2梯4户设计,[南海-西樵]庆云大道105号,住宅88-118万元/套,住宅:1.8元/平米/月,碧桂园物业,暂无数据,30%,暂无数据,6613户 (总共 7000 户),1500个(停车位:小车车位管理费30元/月，摩托车车位10元/月),1:0.2,在售
15,碧桂园首座,"['项目在建', '装修交付', '品牌开发商', '金牌物业', '小型社区', '人车分流', '厨卫全明', '双卫生间', '主卧套房', '大户型']",交房时间待定,住宅 70年,暂无数据,37849m²,住宅8500-9000元/㎡,佛山市高明区大成路8号,3室户型(2)，4室户型(1),暂无数据,暂无数据,住宅:2.5,在建中，竣工时间：2020-08-31,住宅:高层,23100m²,佛山市高明区润柏物业管理有限公司,暂无数据,住宅 22.2万（首付比例：30%),2019-04-14,楼高20层和21层,[高明-荷城]大成路8号,住宅74-93万元/套,住宅:1.8元/平米/月,广东碧桂园物业服务股份有限公司佛山高明分公司,暂无数据,30%,暂无数据,234户,暂无数据,暂无数据,在售
16,深业城,"['今年交房', '项目在建', '品牌开发商', '大型社区', '车位充足', '人车分流', '学校', '银行', '便利店', '厨卫全明']",2019-12-30,住宅 70年 商业 70年,暂无数据,305544m²,"住宅20000元/㎡, 商业待定",佛山顺德北滘105国道与林港路交汇处,3室户型(5),暂无数据,暂无数据,"住宅:2.1,商业:2.1",在建中，竣工时间：2018-12-31,住宅:小高层 高层 商业 高层,821015m²,佛山市顺德区深业房地产有限公司,佛山市顺德区深业房地产有限公司,住宅 60.6万（首付比例：30%),2019-04-13,多层，高层房,[顺德-北滘]广乐路,住宅202-226万元/套,住宅:1.96元/平米/月 商业:1.96元/平米/月,深业集团物业管理有限公司,暂无数据,45%,暂无数据,7197户 (总共 7197 户),1520个(停车位:总数：1520个 比例：1:38 地上车位：40个 地下车位：1480个),1:0.2,在售
17,御江南,"['低单价', '项目在建', '大型社区', '车位充足', '学校', '银行', '大户型', '小户型', '双卫生间', '人气楼盘']",2020-12-30,住宅 70年 别墅 70年,暂无数据,450000m²,"住宅10000元/㎡(单价范围 10000-11000元/㎡), 别墅待定",佛山市三水区西南街道金泉大道3号（三水大桥桥南）,1室户型(2)，2室户型(1)，3室户型(3)，4室户型(2)，别墅户型(1),暂无数据,1500,"住宅:0.58,别墅:0.58",在建中，竣工时间：2018-10-30,住宅:多层 小高层 高层 别墅:独栋别墅 联排别墅,300000m²,高富房地产开发有限公司,佛山市三水高富地产开发有限公司,住宅 29.1万（首付比例：30%),2019-04-05,板楼 独栋别墅 联排 高层,[三水-西南]金泉路3号,住宅97-135万元/套,住宅:3.18元/平米/月 别墅:3.5元/平米/月,普华美居物业,暂无数据,41%,暂无数据,10000户 (暂无资料),2000个(停车位:1:1),1:0.2,在售
18,龙光碧桂园悦府,"['项目在建', '装修交付', '人车分流', '南北通透', '厨卫全明', '大户型', '双卫生间', '双阳台', '主卧套房', '热销盘']",2020-12-31,住宅 70年,暂无数据,56000m²,住宅11000元/㎡(单价范围 10000-12000元/㎡),佛山市乐平镇中心城区9号,3室户型(2)，4室户型(1),暂无数据,暂无数据,住宅:2.5,在建中，竣工时间：2019-12-31,住宅:高层,140000m²,佛山市三水区龙光金骏房地产有限公司,龙光地产和碧桂园集团,住宅 28.5万（首付比例：30%),2019-03-23,楼高29-32层,[三水-乐平]中心城区9号,住宅95-146万元/套,住宅:2.28元/平米/月,龙光物业,暂无数据,30%,暂无数据,1309户,暂无数据,1：0.9,在售
19,中南滨江国际,"['项目在建', '装修交付', '大型社区', '人车分流', '商业街', '银行', '全朝南', '厨卫全明', '双卫生间', '热评楼盘']",2022-12-31,住宅 70年,暂无数据,83583m²,住宅8500元/㎡,佛山市高明区荷城荷香路,3室户型(3)，4室户型(1),暂无数据,暂无数据,住宅:4,在建中，竣工时间：2019-12-31,住宅:高层,334331m²,佛山中武景熙置地有限公司,中南集团,住宅 22.8万（首付比例：30%),2019-04-13,共8栋，31层,[高明-荷城]荷香路,住宅76-108万元/套,住宅:2.4元/平米/月,江苏中南物业服务有限公司佛山分公司,暂无数据,30%,暂无数据,4743户,5000个,1:1,在售
20,合生君景湾,"['项目在建', '装修交付', '品牌开发商', '高绿化率', '大型社区', '车位充足', '医院', '学校', '银行', '便利店']",2020-11-30,住宅 70年,暂无数据,220000m²,住宅21500元/㎡(单价范围 21500-25000元/㎡),佛山市南海区里水大道南113号,2室户型(1)，3室户型(5)，4室户型(2)，5室户型(2),暂无数据,暂无数据,住宅:2.6,在建中，竣工时间：2020-03-31,住宅:高层,550000m²,广东合生泓景房地产有限公司,合生创展集团有限公司,住宅 56.7万（首付比例：30%),2019-03-23,板楼 高层 32层,[南海-里水]里水大道南113号,住宅189-435万元/套,住宅:2.3元/平米/月,广东康景物业服务有限公司,暂无数据,42%,暂无数据,5500户,1261个(1261个（四期）),1.1:1,在售
21,保利海德公园,"['项目在建', '轨交房', '装修交付', '品牌开发商', '大型社区', '车位充足', '人车分流', '公园', '学校', '南北通透']",2019-12-31,住宅 70年,暂无数据,62187m²,住宅23000元/㎡(单价范围 22000-23000元/㎡),佛山市顺德区乐从镇富华路与华康道交汇处（世纪莲体育馆斜对面）,3室户型(1)，4室户型(3)，5室户型(2),暂无数据,800,住宅:3.9,在建中，竣工时间：2018-12-31,住宅:高层,289800m²,保利地产（集团）有限公司,保利地产（集团）有限公司,住宅 94.2万（首付比例：30%),2019-03-02,由15栋27-40层的塔楼组成,[顺德-佛山新城]富华路,住宅314-384万元/套,住宅:3元/平米/月,保利物业发展股份有限公司,暂无数据,30%,暂无数据,1953户,800个,1:0.4,在售
22,富丰君御,"['今年交房', '项目在建', '装修交付', '大型社区', '车位充足', '购物中心', '公园', '医院', '学校', '银行']",2019-12-31,住宅 70年,暂无数据,127093m²,住宅22000元/㎡(单价范围 22000-24000元/㎡),佛山市南海区桂城街道石龙南路8号,1室户型(1)，2室户型(1)，3室户型(4)，4室户型(2),暂无数据,暂无数据,住宅:3.5,在建中，竣工时间：2019-06-30,住宅:高层,450000m²,佛山市嘉拓置业有限公司,佛山市嘉拓置业有限公司,住宅 33.6万（首付比例：30%),2019-03-23,由22幢33-46层的高层住宅组成，采用点式结构。,[南海-桂城]佛平四路1号,住宅112-664万元/套,住宅:3元/平米/月,信息,暂无数据,25%,暂无数据,2657户,1200个,1:0.5,在售
23,保利水木芳华,"['项目在建', '装修交付', '品牌开发商', '金牌物业', '大型社区', '学校', '厨卫全明', '双卫生间', '主卧套房', '刚需直选']",预计2020年8月交房,住宅 70年,暂无数据,57000m²,住宅17000元/㎡,佛山市禅城区佛罗公路45号之一,3室户型(2),暂无数据,1760,住宅:3.5,在建中，竣工时间：2019-12-31,住宅:小高层,280000m²,佛山市禅城区盈恒置业有限公司,暂无数据,住宅 45.3万（首付比例：30%),2019-04-13,16层,[禅城-祖庙]佛罗公路45号之一,住宅151-173万元/套,住宅:2.7元/平米/月,保利（佛山）物业服务有限公司,暂无数据,30%,暂无数据,2006户,1760个,1:0.88,在售
24,龙光玖御湖,"['装修交付', '品牌开发商', '低容积', '湖景地产', '学校', '南北通透', '厨卫全明', '双卫生间', '双阳台', '主卧套房']",2021-09-30,住宅 70年,暂无数据,72699m²,住宅15800元/㎡起,南海区狮山镇桃园路东路北侧,3室户型(1)，4室户型(3),暂无数据,暂无数据,住宅:1.92,在建中，竣工时间：2019-12-31,住宅:小高层,139583m²,佛山市南海区龙光骏逸房地产有限公司,暂无数据,住宅 47.4万（首付比例：30%),4月20日加推尚景组团新品,小高层,[南海-狮山]桃园路东路北侧,住宅158-208万元/套,住宅:2.3元/平米/月,龙光物业,暂无数据,35%,暂无数据,926户,1377个,1:1.49,在售
25,宏宇景裕豪园,"['今年交房', '装修交付', '大型社区', '车位充足', '学校', '银行', '厨卫全明', '大户型', '双卫生间', '热销盘']",2019-10-01,住宅 70年,暂无数据,139800m²,住宅25000元/㎡,佛山市南海区南海大道与海八路交汇处西南角,2室户型(1)，3室户型(3)，4室户型(2),暂无数据,1200,住宅:3,已竣工，交房时间：2017-12-31,住宅:小高层 高层,622636m²,宏鼎房地产开发有限公司,宏鼎地产,住宅 66万（首付比例：30%),2019-03-23,板楼 高层,[南海-桂城]南海大道,住宅220-312万元/套,住宅:2.83元/平米/月,宏鼎物业,暂无数据,30%,暂无数据,4310户,1200个,1:0.3,在售
26,泷景花园,"['今年交房', '项目封顶', '轨交房', '大型社区', '购物中心', '学校', '银行', '便利店', '配套纯熟', '大户型']",6期2座预计2021年9月交房,住宅 70年 商业 40年,暂无数据,754000m²,"住宅19000元/㎡(单价范围 18000-19000元/㎡), 商业13000元/㎡",禅城区东平路,3室户型(3)，4室户型(2)，商业户型(1),暂无数据,暂无数据,"住宅:3.71,商业:3.71",已封顶，竣工时间：2016-12-30,住宅:高层 商业 高层,2800000m²,佛山市新升房地产开发有限公司,佛山市新升房地产开发有限公司,住宅 50.1万（首付比例：30%),2019-03-23,共3排11栋楼，合计265套单位,[禅城-石湾]东平路,"住宅167-298万元/套, 商业49万元/套",住宅:4元/平米/月 商业:4.5元/平米/月,香港启胜物业管理公司,暂无数据,30%,暂无数据,4107户,10000个(地下车库),1:2.4,在售
27,雅居乐万象郡,"['项目在建', '装修交付', '品牌开发商', '人车分流', '便利店', '南北通透', '厨卫全明', '大户型', '双卫生间', '双阳台']",2020-10-31,住宅 70年,暂无数据,62514m²,住宅17000元/㎡(单价范围 15000-17000元/㎡),佛山市顺德区容桂镇外环路3号,3室户型(2)，4室户型(5),164,1473,住宅:2.5,在建中，竣工时间：2019-12-31,住宅:高层,215466m²,佛山市雅顺房地产开发有限公司,暂无数据,住宅 43.2万（首付比例：30%),复式洋房新品待推,1、2栋为22层，8、4、9栋为25层；5、6为29层， 7、3栋为28层,[顺德-容桂]外环路3号,住宅144-187万元/套,住宅:2.6-3元/平米/月,雅居乐雅生活服务股份有限公司顺德分公司,暂无数据,35%,暂无数据,1350户,1637个(地上164个，地下1473个),1:1.1,在售
28,碧桂园凤凰湾,"['今年交房', '低单价', '项目在建', '装修交付', '大型社区', '车位充足', '大户型', '小户型', '双卫生间', '双阳台']",2021-06-30,住宅 70年 商业 70年,暂无数据,1332000m²,"住宅13000元/㎡, 商业待定",佛山市顺德区容桂广东省实验中学附属小学旁,1室户型(2)，3室户型(13)，4室户型(10)，5室户型(3),暂无数据,5000,"住宅:4,商业:4",在建中，竣工时间：2019-03-30,住宅:高层 商业 高层,3000000m²,暂无数据,碧桂园控股有限公司,住宅 35.4万（首付比例：30%),2019-03-17,28、29、32层,[顺德-容桂]外环路45号,住宅118-358万元/套,住宅:2.8元/平米/月 商业:4.2元/平米/月,碧桂园物业,暂无数据,35%,暂无数据,30000户,5000个,1:0.2,在售
29,尚观嘉园,"['今年交房', '项目在建', '装修交付', '大型社区', '车位充足', '人车分流', '购物中心', '公园', '学校', '银行']",2020-06-30,住宅 70年,暂无数据,98017m²,住宅17000元/㎡(单价范围 17000-17500元/㎡),佛山市南海区罗村街道罗村大道中,3室户型(5)，4室户型(3),暂无数据,暂无数据,住宅:2.94,在建中，竣工时间：2018-08-30,住宅:小高层 高层,379260m²,佛山市富林尚观嘉园房地产开发有限公司,佛山市富林尚观嘉园房地产开发有限公司,住宅 44.1万（首付比例：30%),2019-03-16,小高层,[南海-罗村]罗村大道南,住宅147-231万元/套,住宅:1.9元/平米/月,珠海市葆力物业管理有限公司,暂无数据,30%,暂无数据,2769户,2383个(地下车库),1:0.9,在售
30,卓越浅水湾,"['装修交付', '品牌开发商', '车位充足', '银行', '南北通透', '厨卫全明', '大阳台', '双卫生间', '双阳台', '主卧套房']",预计2021年年初交房,住宅 70年,暂无数据,39796m²,住宅22000元/㎡,佛山市禅城区魁奇路及桂澜路交汇处,3室户型(2)，4室户型(2),暂无数据,暂无数据,住宅:3.5,在建中，竣工时间：2020-06-30,住宅:高层,226612m²,佛山市胜华琦悦城房地产开发有限公司,卓越集团深圳置业公司,住宅 62.7万（首付比例：30%),2019-03-30,楼高31层，2梯4户设计,[禅城-奇槎]魁奇路及桂澜路交汇处（导航“卓越浅水湾”）,住宅209-259万元/套,住宅:2.8元/平米/月,深圳市卓越物业管理股份有限公司,暂无数据,30%,暂无数据,957户,暂无数据,1:0.91,在售
31,中洲府,"['项目在建', '装修交付', '品牌开发商', '人车分流', '公园', '学校', '三房朝南', '厨卫全明', '双卫生间', '双阳台']",预计2021年年中交房,住宅 70年,暂无数据,48894m²,住宅23000元/㎡,佛山市顺德区大良街道朝乐路中洲府营销中心,3室户型(1)，4室户型(1)，5室户型(1),暂无数据,暂无数据,住宅:3,在建中，竣工时间：2020-12-31,住宅:高层,200000m²,中洲控股,中洲控股,住宅 65.4万（首付比例：30%),2019-03-30,楼高32层,[顺德-大良]朝乐路中洲府营销中心,住宅218-328万元/套,住宅:3元/平米/月,中洲物业,暂无数据,35%,暂无数据,1230户,1230个,1:1,在售
32,龙光金辉优步学府,"['项目在建', '装修交付', '车位充足', '人车分流', '学校', '厨卫全明', '大户型', '大阳台', '双卫生间', '双阳台']",预计2020年年底交房,住宅 70年,暂无数据,23275m²,住宅8800元/㎡(单价范围 8500-8800元/㎡),佛山市高明区荷城街道富湾小学旁,3室户型(1)，4室户型(1),暂无数据,暂无数据,住宅:2.5,在建中，竣工时间：2019-12-31,住宅:高层,58189m²,金辉集团、龙光地产,暂无数据,住宅 23.7万（首付比例：30%),2019-02-28,1-7栋为高层，共20层,[高明-荷城]荷城街道富湾小学旁,住宅79-101万元/套,住宅:2.47元/平米/月,金辉物业,暂无数据,30%,暂无数据,555户,486个,1:0.86,在售
33,电建地产·洺悦半岛,"['新开盘', '项目在建', '装修交付', '品牌开发商', '人车分流', '公园', '医院', '学校', '便利店', '配套纯熟']",预计2022年3月交房,住宅 70年,暂无数据,54377m²,住宅16000元/㎡(单价范围 15500-16000元/㎡),佛山市顺德区勒流街道勒流中心小学旁,3室户型(1)，4室户型(1),暂无数据,暂无数据,住宅:2.8,在建中，竣工时间：2020-12-31,住宅:高层,195372m²,佛山泛澋置业有限公司,电建地产,住宅 47.4万（首付比例：30%),2019-03-31,17-32层,[顺德-勒流]勒流中心小学旁,住宅158-200万元/套,住宅:3.2元/平米/月,中电建物业管理有限公司,暂无数据,30%,暂无数据,1180户,1285个,1:1.08,在售
34,中南远洋漫悦湾,"['项目在建', '装修交付', '高绿化率', '人车分流', '厨卫全明', '双卫生间', '全景飘窗', '大户型', '热销盘', '新开盘']",2020-12-31,住宅 70年,暂无数据,50000m²,住宅13500元/㎡,佛山市三水区云东海街道湖滨南路,3室户型(2)，4室户型(1),暂无数据,暂无数据,住宅:3,在建中，竣工时间：2019-05-30,住宅:小高层 高层,210000m²,佛山昱辰房地产开发有限公司,暂无数据,住宅 36万（首付比例：30%),2019-03-23,17-33层,[三水-三水新城]湖滨南路与映海路交汇处,住宅120-155万元/套,住宅:2.28元/平米/月,远洋物业服务有限公司,暂无数据,36%,暂无数据,1460户,1568个,1:1.18,在售
35,保利中央公园,"['项目在建', '品牌开发商', '高绿化率', '大型社区', '人车分流', '大户型', '双卫生间', '主卧套房', '便利店', '今年交房']",2020-12-31,住宅 70年,暂无数据,276292m²,住宅11500元/㎡,佛山市三水区南丰大道西侧荷花世界旁,3室户型(3)，4室户型(3),暂无数据,暂无数据,住宅:3,在建中，竣工时间：2020-02-28,住宅:小高层 高层,701000m²,佛山三水保利鑫和房地产开发有限公司,佛山三水保利鑫和房地产开发有限公司,住宅 30.9万（首付比例：30%),2019-03-23,共25栋32-33层住宅,[三水-三水新城]南丰大道,住宅103-192万元/套,住宅:2.2元/平米/月,保利物业发展股份有限公司,暂无数据,38%,暂无数据,2000户,5124个(地下车库),1:2.6,在售
36,绿岛湖壹号,"['项目在建', '装修交付', '高绿化率', '大型社区', '车位充足', '南北通透', '大户型', '小户型', '大阳台', '主卧套房']",2020-12-30,住宅 70年 别墅 70年 商业 40年,暂无数据,350000m²,"住宅18000元/㎡(单价范围 17500-18500元/㎡), 别墅待定, 商业15500元/㎡",佛山禅城区季华西路绿岛湖禅港路68号,1室户型(1)，2室户型(1)，4室户型(4),暂无数据,2000,"住宅:2.5,别墅:2.5,商业:2.5",在建中，竣工时间：2017-12-30,住宅:小高层 高层 别墅:联排别墅 商业 高层,1200000m²,信财置业开发有限公司,佛山信财置业开发有限公司,住宅 49.8万（首付比例：30%)，商业 37.5万（首付比例：50%),2019-03-23,高层洋房,[禅城-南庄]禅港路,"住宅166-249万元/套, 商业75-132万元/套",住宅:2.9元/平米/月 别墅:2.9元/平米/月,高展物业,暂无数据,45%,暂无数据,6000户,2000个,1:0.3,在售
37,恒大珺庭,"['恒大大优惠', '项目在建', '装修交付', '品牌开发商', '大型社区', '便利店', '厨卫全明', '复式', '双卫生间', '主卧套房']",预计2021年年中交房,住宅 70年,暂无数据,105523m²,住宅13000元/㎡,佛山市三水区乐平镇新城路南,3室户型(7)，4室户型(3),暂无数据,暂无数据,住宅:2.7,在建中，竣工时间：2020-09-30,住宅:高层,84912m²,佛山市恒邦房地产开发有限公司,恒大集团,住宅 31.5万（首付比例：30%),2019-03-24,珺庭,[三水-乐平]乐平新城大道北(佛山),住宅105-189万元/套,住宅:2.28元/平米/月,金碧物业,暂无数据,30%,暂无数据,2196户,2247个,1:1,在售
38,海逸桃花源记,"['低单价', '项目在建', '装修交付', '大型社区', '车位充足', '购物中心', '银行', '大户型', '双卫生间', '热评楼盘']",2020-06-30,住宅 70年 别墅 70年,暂无数据,200000m²,"住宅13000元/㎡, 别墅待定",佛山市南海区狮山镇松岗商业大道与桃园路交汇（桃园新城中）,3室户型(5)，4室户型(3),暂无数据,4700,"住宅:2.8,别墅:2.8",在建中，竣工时间：2019-01-31,住宅:高层 花园洋房 别墅:联排别墅 叠加别墅,800000m²,盈冠房地产开发有限公司,海逸集团,住宅 35.4万（首付比例：30%),2019-03-02,分共四期开发，共建44栋26-32层洋房，一期主推1-11栋，约1300户。,[南海-狮山]商业大道,住宅118-152万元/套,住宅:2.2元/平米/月,海逸物业,暂无数据,35%,暂无数据,5200户,4700个(地下车库),1:0.9,在售
39,碧桂园智慧家,"['项目在建', '装修交付', '品牌开发商', '人车分流', '医院', '学校', '银行', '便利店', '配套纯熟', '厨卫全明']",2019-12-31,住宅 70年,暂无数据,7027m²,住宅17300元/㎡,顺德大良环市东路与南屏路交汇处（大良龙的酒楼东200米）,3室户型(2)，4室户型(1),暂无数据,暂无数据,住宅:5.7,在建中，竣工时间：2019-07-01,住宅:小高层,40000m²,佛山市金中环房地产有限公司,碧桂园集团,住宅 48.6万（首付比例：30%),2019-03-17,楼高17层，2梯4户设计,[顺德-大良]环市东路与南屏路交汇处（大良龙的酒楼东200米）,住宅162-202万元/套,住宅:3元/平米/月,广东碧桂园物业发展有限公司,暂无数据,30%,暂无数据,267户,暂无数据,暂无数据,在售
40,佛山美的城,"['低单价', '项目在建', '装修交付', '品牌开发商', '人车分流', '学校', '南北通透', '厨卫全明', '大户型', '双卫生间']",2021-01-31,住宅 70年,暂无数据,45226m²,住宅8300元/㎡,佛山市高明区杨西大道北和三和路的交汇处(杨和镇政府旁),3室户型(2)，4室户型(1),暂无数据,暂无数据,住宅:3,在建中，竣工时间：2020-03-30,住宅:高层,192182m²,佛山市高明区美的房地产发展有限公司,美的地产,住宅 24.9万（首付比例：30%),2019-03-16,楼高26层，2梯4户,[高明-杨和]杨西大道北和三和路的交汇处，杨和镇政府旁,住宅83-115万元/套,住宅:2.15元/平米/月,佛山市美的物业管理有限公司高明分公司,暂无数据,30%,暂无数据,1325户,1319个,1:1,在售
41,高明中梁首府,"['项目在建', '装修交付', '人车分流', '学校', '南北通透', '厨卫全明', '大阳台', '双卫生间', '双阳台', '主卧套房']",2021-06-30,住宅 70年,暂无数据,42000m²,住宅7700-8700元/㎡(均价 7700元/㎡),佛山市高明区荷城街道碧桂路159号,3室户型(2)，4室户型(5),暂无数据,暂无数据,住宅:2.2,在建中，竣工时间：2019-12-31,住宅:小高层 高层 花园洋房,115000m²,佛山市高明梁盛置业有限公司,中梁地产,住宅 21.9万（首付比例：30%),2018-12-22,12栋住宅，7-10座楼高25层，两梯四户；1-5座楼高7层，11-13座楼高17层，两梯两户。,[高明-荷城]碧桂路159号,住宅73-115万元/套,住宅:3元/平米/月,中梁物业有限公司,暂无数据,30%,暂无数据,782户,784个,1:1,在售
42,顺德龙光玖龙府,"['项目在建', '装修交付', '品牌开发商', '大型社区', '车位充足', '人车分流', '医院', '学校', '银行', '便利店']",预计2020年7月交房,住宅 70年,暂无数据,58691m²,住宅15000元/㎡(单价范围 14000-15000元/㎡),佛山市顺德区南国西路与新裕大道交汇处,3室户型(3)，4室户型(1),暂无数据,1545,住宅:3.5,在建中，竣工时间：2019-11-30,住宅:高层,246097m²,佛山市顺德区龙光骏腾房地产有限公司,龙光地产,住宅 37.2万（首付比例：30%),2019-02-23,15栋30/31层高层住宅组成,[顺德-勒流]南国西路与新裕大道交汇处,住宅124-172万元/套,住宅:2.8元/平米/月,广东龙光集团物业管理有限公司佛山分公司,暂无数据,31%,暂无数据,1786户,1545个,1:0.86,在售
43,三水奥园尚居,"['项目在建', '车位充足', '购物中心', '学校', '银行', '厨卫全明', '双卫生间', '双阳台', '主卧套房', '人气楼盘']",具体交房时间待定,住宅 70年,暂无数据,48600m²,住宅6800元/㎡,佛山市三水区南山镇文裕路2号,3室户型(3),暂无数据,暂无数据,住宅:2.5,在建中，竣工时间：2020-12-31,住宅:高层,158000m²,佛山市钧裕置业有限公司,广东省奥园商业地产集团有限公司&广东钧明投资控股有限公司,住宅 18.9万（首付比例：30%),2019-04-13,26层,[三水-大塘]南山镇文裕路2号,住宅63-74万元/套,住宅:2.8元/平米/月,广州奥园物业服务有限公司,暂无数据,31%,暂无数据,1129户,947个,1:0.8,在售
44,怡翠尊堤,"['项目在建', '装修交付', '大型社区', '公园', '厨卫全明', '大户型', '双卫生间', '双阳台', '双厨房', '主卧套房']",2020-06-30,住宅 70年,暂无数据,250000m²,住宅26000元/㎡,佛山市南海区千灯湖金融高新区桂江立交北侧,3室户型(8)，4室户型(6),暂无数据,暂无数据,住宅:3.5,在建中，竣工时间：2018-03-30,住宅:高层,1300000m²,佛山市凯能房地产开发有限公司,佛山市凯能房地产开发有限公司,住宅 70.2万（首付比例：30%),2019-02-09,1-2座：两梯两户32层高 3-4座：两梯两户32层高 14-17座：一梯两户8/9层,[南海-大沥]桂和路,住宅234-356万元/套,住宅:2.68元/平米/月,南海能兴物业管理公司,暂无数据,30%,暂无数据,6300户,6930个,1:1.1,在售
45,五矿崇文金城,"['新开盘', '项目在建', '品牌开发商', '厨卫全明', '复式', '大阳台', '双卫生间', '大户型', '装修交付']",预计2021年交房,住宅 70年 别墅 70年,暂无数据,42553m²,住宅28000元/㎡(单价范围 26000-28000元/㎡),广东省佛山市禅城区绿景东路,3室户型(1)，4室户型(2),暂无数据,暂无数据,"住宅:3.5,别墅:3.5",在建中，竣工时间：2020-06-30,住宅:多层 高层 花园洋房 别墅:独栋别墅 叠加别墅,208810m²,佛山市矿盛房地产开发有限公司,五矿地产,住宅 58.5万（首付比例：30%)，别墅 120万（首付比例：30%),2019-03-30,楼高45层，2梯8户,[禅城-奇槎]绿景东路,"住宅195-310万元/套, 别墅400-700万元/套",住宅:2.7元/平米/月,惠州五矿悦居物业管理有限公司,暂无数据,30%,暂无数据,1224户,1243个,1：1,在售
46,金科博翠天下,"['项目在建', '装修交付', '品牌开发商', '车位充足', '人车分流', '南北通透', '厨卫全明', '大阳台', '双卫生间', '双阳台']",预计2021年3月交房,住宅 70年,暂无数据,57781m²,住宅23000元/㎡(单价范围 20000-23000元/㎡),顺德新城创智城片区东乐路以南、创智路以西,3室户型(1)，4室户型(1),30,1563,住宅:2.5,在建中，竣工时间：2020-09-30,住宅:小高层 高层,210756m²,佛山金科房地产开发有限公司,暂无数据,住宅 68.4万（首付比例：30%),2019-03-23,高层、小高层,[顺德-大良]顺德新城创智城片区东乐路以南、创智路以西,住宅228-308万元/套,住宅:2.7元/平米/月,金科物业集团有限公司佛山分公司,暂无数据,35%,暂无数据,1038户,1593个,1.5:1,在售
47,龙光玖龙府,"['低单价', '项目在建', '装修交付', '品牌开发商', '人车分流', '南北通透', '厨卫全明', '大户型', '双卫生间', '双阳台']",2020-12-31,住宅 70年,暂无数据,43353m²,住宅8500元/㎡,佛山市高明区杨西大道和三和路交界处,3室户型(4)，4室户型(1),暂无数据,暂无数据,住宅:3,在建中，竣工时间：2020-03-31,住宅:高层,130061m²,佛山市高明区龙光房地产有限公司,暂无数据,住宅 22.8万（首付比例：30%),2019-03-12,楼高32层,[高明-荷城]杨西大道和三和路交界处,住宅76-93万元/套,住宅:2.8元/平米/月,广东龙光集团物业管理有限公司佛山分公司,暂无数据,30%,暂无数据,1272户,1272个,1:1,在售
48,花曼丽舍,"['项目在建', '品牌开发商', '车位充足', '人车分流', '购物中心', '学校', '厨卫全明', '大户型', '双卫生间', '热评楼盘']",2020-12-30,住宅 70年,暂无数据,43144m²,住宅15500元/㎡,禅城区东鄱南路9号（轻工二路北侧）,3室户型(7)，4室户型(2),暂无数据,暂无数据,住宅:2.7,在建中，竣工时间：2019-07-31,住宅:高层,155224m²,佛山东亚股份有限公司,佛山建投和中国恒天,住宅 37.5万（首付比例：30%),2019-03-23,楼高16-18层,[禅城-张槎]东鄱南路7号,住宅125-192万元/套,住宅:2.6元/平米/月,苏州安邦物业服务股份有限公司,暂无数据,30%,暂无数据,1004户,829个,1:0.8,在售
49,星汇瀚府,"['项目在建', '装修交付', 'loft', '品牌开发商', '大型社区', '公园', '银行', '便利店', '厨卫全明', '复式']",2021-10-31,住宅 70年,暂无数据,117051m²,住宅26500元/㎡(单价范围 25000-29000元/㎡),佛山市南海区桂城街道深海路与桂平路交汇处,4室户型(5),暂无数据,暂无数据,住宅:3.5,在建中，竣工时间：2020-12-31,住宅:高层,539048m²,佛山市南海区越汇房地产开发有限公司,越秀地产,住宅 75万（首付比例：30%),2019-03-16,小区规划22栋住宅，总高31-33层。,[南海-桂城]深海路与桂平路交汇处,住宅250-371万元/套,住宅:2.88元/平米/月,广州越秀物业发展有限公司,暂无数据,30%,暂无数据,2903户,暂无数据,1:0.8,在售
50,保利茉莉公馆,"['今年交房', '项目在建', '装修交付', '品牌开发商', '大型社区', '人车分流', '便利店', '南北通透', '厨卫全明', '双卫生间']",2020-09-30,住宅 70年,暂无数据,86000m²,住宅16000元/㎡,佛山市南海区狮山镇科技西路5号,3室户型(1)，4室户型(2),暂无数据,暂无数据,住宅:2.5,在建中，竣工时间：2019-12-31,住宅:高层,250000m²,佛山市保利兴隆房地产有限公司,暂无数据,住宅 46.5万（首付比例：30%),2019-03-14,由17栋高层洋房组成，楼高32-33层,[南海-狮山]科技西路5号,住宅155-203万元/套,住宅:2.47元/平米/月,保利（佛山）物业服务有限公司,暂无数据,30%,暂无数据,1808户,1808个,1:1,在售
51,龙光玖龙郡,"['装修交付', '品牌开发商', '大型社区', '车位充足', '人车分流', '银行', '南北通透', '厨卫全明', '大户型', '双卫生间']",预计2020年交房,住宅 70年 商业 40年,暂无数据,78800m²,"住宅12000元/㎡, 商业11500元/㎡",顺德区大良顺番路与顺诚南路交汇处,3室户型(2)，4室户型(2),暂无数据,1388,"住宅:3.5,商业:3.5",在建中，竣工时间：2019-12-31,住宅:高层 商业 高层,275900m²,佛山市顺德区凯模房地产开发有限公司,龙光地产,住宅 34.2万（首付比例：30%),2019-02-23,高层,[顺德-大良]顺番路与顺诚南路交汇处,"住宅114-145万元/套, 商业44万元/套",住宅:2.5元/平米/月,龙光物业,暂无数据,30%,暂无数据,2560户,1388个,1:0.5,在售
52,泰禾佛山院子,"['项目在建', '轨交房', '品牌开发商', '大型社区', '人车分流', '便利店', '厨卫全明', '大户型', '大阳台', '双卫生间']",2020-10-30,住宅 70年 别墅 70年,暂无数据,120000m²,"住宅21000元/㎡, 别墅待定",佛山市佛山新城华阳南路与天虹路交汇处 广东省佛山市佛山新城天虹路与华阳南路交汇处,3室户型(4)，4室户型(10)，5室户型(1),暂无数据,暂无数据,"住宅:3.99,别墅:3.99",在建中，竣工时间：2019-07-30,住宅:高层 别墅:联排别墅,480000m²,佛山市顺德区中维房地产开发有限公司,佛山市顺德区中维房地产开发有限公司,住宅 90万（首付比例：30%),2019-04-06,别墅4层，高层洋房48层，公寓40层，商业广场3层,[顺德-佛山新城]天虹路,住宅300-359万元/套,住宅:3.8元/平米/月,泰禾物业,暂无数据,30%,暂无数据,3880户,4022个,1:1,在售
53,金科集美天辰湾,"['项目在建', '装修交付', '车位充足', '人车分流', '厨卫全明', '双卫生间', '主卧套房', '全景飘窗', '大户型', '新开盘']",预计2021年3月交房,住宅 70年,暂无数据,44392m²,住宅8000元/㎡(单价范围 7500-8000元/㎡),佛山市高明大道与平山一路交汇处,3室户型(2),暂无数据,暂无数据,住宅:2.5,在建中，竣工时间：2020-05-31,住宅:高层,110980m²,佛山金南房地产开发有限公司,暂无数据,住宅 19.8万（首付比例：30%),2019-03-30,10栋25-26层高的高层住宅,[高明-明城]高明大道与平山一路交汇处,住宅66-94万元/套,住宅:2.47元/平米/月,金科物业管理有限公司,暂无数据,30%,暂无数据,994户,795个,1:0.8,在售
54,怡翠晋盛,"['项目在建', '大平层', '大型社区', '车位充足', '购物中心', '商业街', '学校', '便利店', '配套纯熟', '南北通透']",泰园组团预计2020年9月交房,住宅 70年 商业 40年,暂无数据,432900m²,"住宅25000元/㎡, 商业17500元/㎡(单价范围 17000-18000元/㎡)",佛山新城百顺路与富华路交界（东平小学正对面）,3室户型(4)，4室户型(5)，7室户型(1)，商业户型(2),暂无数据,暂无数据,"住宅:3.43,商业:3.43",在建中，竣工时间：2016-11-30,住宅:小高层 高层 商业 高层,1145300m²,佛山市佑嘉置业有限公司,佛山市佑嘉置业有限公司,住宅 103.5万（首付比例：30%)，商业 35.5万（首付比例：50%),2019-01-31,小高层,[顺德-佛山新城]富华路6号,"住宅345-355万元/套, 商业71-140万元/套",住宅:3元/平米/月 商业:5.5-7.5元/平米/月,能兴物业管理有限公司,暂无数据,35%,暂无数据,2541户,1000个,1:0.4,在售
55,新城招商誉府,"['低单价', '项目在建', '装修交付', '品牌开发商', '大型社区', '人车分流', '学校', '南北通透', '厨卫全明', '大户型']",2020-12-30,住宅 70年,暂无数据,47000m²,住宅11500元/㎡(单价范围 11000-12000元/㎡),三水区北江新城建设一路与建设大道交界,3室户型(3)，4室户型(3),暂无数据,暂无数据,住宅:3.5,在建中，竣工时间：2019-12-31,住宅:高层,220000m²,佛山鼎图房地产有限公司,佛山鼎图房地产有限公司,住宅 20.8万（首付比例：20%),2019-01-26,高层洋房29-33层,[三水-西南]建设大道5号,住宅104-152万元/套,住宅:2.2元/平米/月,招商局物业管理有限公司,暂无数据,25%,暂无数据,1504户,1710个,1:1.1,在售
56,旭辉雅居乐清樾,"['项目在建', '装修交付', '品牌开发商', '大型社区', '车位充足', '人车分流', '商业街', '医院', '南北通透', '厨卫全明']",2020-12-31,住宅 70年,暂无数据,81455m²,住宅16800元/㎡,佛山市顺德区北滘镇佛山一环马龙出口旁,3室户型(3)，4室户型(1),暂无数据,暂无数据,住宅:2.5,在建中，竣工时间：2020-02-28,住宅:高层,264447m²,佛山市昌重房地产开发有限公司,暂无数据,住宅 44.7万（首付比例：30%),2019-02-23,楼高18-22层，2梯4户设计,[顺德-北滘]佛山一环马龙出口旁,住宅149-198万元/套,住宅:2.2元/平米/月,上海永升物业管理有限公司佛山顺德分公司,暂无数据,35%,暂无数据,1948户,1711个,1:0.88,在售
57,佛山恒大御湖湾,"['恒大大优惠', '今年交房', '项目在建', '装修交付', '品牌开发商', '大型社区', '人车分流', '厨卫全明', '大户型', '双卫生间']",2019-12-31,住宅 70年,暂无数据,135830m²,住宅14800元/㎡(单价范围 9500-14800元/㎡),西樵山5A景区听音湖广场对面,3室户型(14)，4室户型(5),201,2000,住宅:2.53,在建中，竣工时间：2018-11-30,住宅:多层 小高层 高层,4994870m²,南海俊凯房地产开发有限公司,佛山市南海俊凯房地产开发有限公司,住宅 25.5万（首付比例：30%),2018-10-27,楼高7-22层。,[南海-西樵]锦湖大道,住宅85-355万元/套,住宅:2.47元/平米/月,金碧物业,暂无数据,33%,暂无数据,2426户,2500个,1:1,在售
58,万科金域学府,"['低单价', '项目在建', '装修交付', '品牌开发商', '车位充足', '人车分流', '学校', '银行', '厨卫全明', '双卫生间']",2020-04-30,住宅 70年,暂无数据,45432m²,住宅13700元/㎡(单价范围 12700-13700元/㎡),顺德区杏坛镇新齐宁路东侧昌教小学对面,3室户型(2)，4室户型(1),88,970,住宅:2.8,在建中，竣工时间：2019-12-31,住宅:高层,169343m²,佛山市顺德区万晴房地产有限公司,暂无数据,住宅 32.4万（首付比例：30%),2018-09-28,1、2、3、5、6、7为高层，每栋30层；4、8、9、10为高层，每栋19层,[顺德-杏坛]新齐宁路东侧昌教小学对面,住宅108-145万元/套,住宅:2.95元/平米/月,万科物业,暂无数据,30%,暂无数据,1450户 (当期户数：390),1058个,1:0.7,在售
59,松晖名苑,"['今年交房', '项目在建', '装修交付', '购物中心', '公园', '医院', '银行', '便利店', '配套纯熟', '南北通透']",2019-09-30,住宅 70年,暂无数据,42084m²,住宅15500元/㎡,佛山市南海区狮山镇松岗松石路1号（松岗交警中队对面）,3室户型(4)，4室户型(2),81,暂无数据,住宅:3.2,在建中，竣工时间：2016-12-31,住宅:高层,193131m²,佛山市南海鸿冠房地产开发有限公司,佛山市南海鸿冠房地产开发有限公司,住宅 49.2万（首付比例：30%),2018-05-19,10栋30层2梯4户，11栋30层2梯4户,[南海-狮山]松石路1号,住宅164-189万元/套,住宅:2.2元/平米/月,佛山市南海鸿冠房地产开发有限公司,暂无数据,30%,暂无数据,1208户,1200个,1:1,在售
60,旭辉江山,"['项目在建', '装修交付', '品牌开发商', '低容积', '人车分流', '南北通透', '厨卫全明', '大户型', '双卫生间', '双阳台']",2020-12-31,住宅 70年,暂无数据,113600m²,住宅12500元/㎡(单价范围 11000-12500元/㎡),佛山市三水新城万达广场北约500米,3室户型(2)，4室户型(1),暂无数据,暂无数据,住宅:1.92,在建中，竣工时间：2019-01-30,住宅:多层 小高层 高层 花园洋房,391600m²,佛山市汇金恒天房地产开发有限公司,旭辉集团,住宅 28.8万（首付比例：30%),2018-09-22,多层洋房和高层住宅,[三水-三水新城]万达广场北500米,住宅96-145万元/套,住宅:2.28元/平米/月,旭辉集团上海永升物业管理股份有限公司,暂无数据,35%,暂无数据,508户 (高层1栋，共208户；洋房10栋，共300户；),2882个,1:1.1,在售
61,高明碧桂园峰会,"['项目在建', '装修交付', '品牌开发商', '人车分流', '全朝南', '南北通透', '厨卫全明', '大户型', '大阳台', '双卫生间']",2020-12-31,住宅 70年,暂无数据,41109m²,住宅8300元/㎡(单价范围 7800-8300元/㎡),佛山市高明区碧桂路,3室户型(4)，4室户型(5)，5室户型(1),暂无数据,暂无数据,住宅:2.2,在建中，竣工时间：2019-02-28,住宅:小高层 高层,110228m²,佛山市高明区荷城碧桂园房地产开发有限公司,暂无数据,住宅 22.5万（首付比例：30%),2018-12-18,楼高23层，2梯4户或2梯6户设计,[高明-荷城]三洲碧桂路(高明碧桂园幼儿园旁）,住宅75-96万元/套,住宅:2.45元/平米/月,广东碧桂园物业服务股份有限公司,暂无数据,30%,暂无数据,602户,暂无数据,暂无数据,在售
62,常乐府,"['项目在建', '装修交付', '品牌开发商', '大型社区', '学校', '南北通透', '厨卫全明', '双卫生间', '双阳台', '热评楼盘']",2020-05-31,住宅 70年,暂无数据,79000m²,住宅12000元/㎡(单价范围 12000-13000元/㎡),佛山市三水区北江新城建设一路与建设大道交汇处,3室户型(2)，4室户型(1),暂无数据,暂无数据,住宅:3.2,在建中，竣工时间：2020-03-31,住宅:高层,350000m²,佛山市三水区擎美房地产有限公司,暂无数据,住宅 31.8万（首付比例：30%),2018-12-29,楼高18层，2梯4户设计,[三水-西南]北江新城建设一路与建设大道交汇处,住宅106-154万元/套,住宅:2.28元/平米/月,雅居乐雅生活服务股份有限公司三水分公司,暂无数据,30%,暂无数据,2475户,2252个,1:0.9,在售
63,三水冠军城,"['低单价', '项目在建', '装修交付', '品牌开发商', '大型社区', '车位充足', '人车分流', '商业街', '公园', '学校']",预计2020年年底交房,住宅 70年,暂无数据,120000m²,住宅12500元/㎡,佛山市三水区健力宝南路与广海大道交汇处（原健力宝厂址）,3室户型(10)，4室户型(6),暂无数据,暂无数据,住宅:4.6,在建中，竣工时间：2018-12-30,住宅:小高层 高层,700000m²,佛山市德港健投资有限公司,佛山市德港健投资有限公司,住宅 33.3万（首付比例：30%),2018-12-08,楼高18/33层，2梯4/5户设计,[三水-西南]健力宝南路,住宅111-173万元/套,住宅:2.6元/平米/月,广州方圆现代生活服务股份有限公司,暂无数据,25%,暂无数据,5374户,4118个,1:0.8,在售
64,金融街金悦府,"['项目在建', '装修交付', '品牌开发商', '金牌物业', '人车分流', '南北通透', '厨卫全明', '双卫生间', '双阳台', '刚需直选']",预计2021年交房,住宅 70年,暂无数据,57000m²,住宅16000元/㎡(单价范围 14000-16000元/㎡),三水区三水新城云庭大道7号,3室户型(2)，4室户型(2),暂无数据,暂无数据,住宅:3,在建中，竣工时间：2020-08-31,住宅:高层,223000m²,广州金融街融展置业有限公司,金融街,住宅 39.9万（首付比例：30%),2019-01-25,16-32层,[三水-三水新城]云庭大道7号（三水北站轻轨站旁）金融街金悦府,住宅133-222万元/套,住宅:2.28元/平米/月,北京金融街物业管理有限责任公司,暂无数据,35%,暂无数据,1126户,1205个,1:1,在售
65,新福港鼎峰,"['项目在建', '轨交房', '装修交付', '人车分流', '购物中心', '公园', '学校', '银行', '便利店', '配套纯熟']",2019-12-31,住宅 70年 商业 40年,暂无数据,81000m²,"住宅21000元/㎡, 商业18000元/㎡",禅城区魁奇路与汾江南路交汇处，魁奇路地铁站C出口,2室户型(1)，3室户型(11)，4室户型(1)，商业户型(1),暂无数据,暂无数据,"住宅:6,商业:6",在建中，竣工时间：2018-12-31,住宅:高层 商业 高层,551720m²,佛山市新运泰房地产开发有限公司,新福港集团,住宅 80.4万（首付比例：30%)，商业 36万（首付比例：50%),2018-12-23,A1-A6、A9为住宅（最高楼层37-51），A7-A8为公寓（最高楼层36、44）,[禅城-祖庙]汾江南路,"住宅268-281万元/套, 商业72-131万元/套",住宅:2.98元/平米/月 商业:3.8元/平米/月,成都曲氏英联华物业服务有限公司佛山分公司,暂无数据,25%,暂无数据,748户,2824个,1:3.8,在售
66,北大资源博雅滨江,"['低单价', '项目在建', '高绿化率', '大型社区', '人车分流', '公园', '厨卫全明', '大户型', '双卫生间', '主卧套房']",2020-08-31,住宅 70年,暂无数据,199266m²,住宅9800元/㎡,佛山市三水区西南街道文锋西路花果山,3室户型(7)，4室户型(11)，5室户型(2),暂无数据,暂无数据,住宅:3.5,在建中，竣工时间：2019-06-30,住宅:高层,950000m²,佛山北大资源地产有限公司,佛山北大资源地产有限公司,住宅 35.1万（首付比例：30%),2018-12-22,楼高32层，2梯2户设计；楼高31层，2梯4户。,[三水-西南]文锋西路,住宅117-125万元/套,住宅:2.28元/平米/月,北大资源集团北京方诚物业经营管理有限公司,暂无数据,50%,暂无数据,5371户,5978个(暂无资料),1:1.1,在售
67,远洋华远天骄,"['低单价', '项目在建', '装修交付', '品牌开发商', '大型社区', '人车分流', '南北通透', '厨卫全明', '双卫生间', '双阳台']",2020-08-31,住宅 70年,暂无数据,69061m²,住宅11500元/㎡(单价范围 11500-12500元/㎡),佛山市三水区云东海街道三水新城湖滨南路,3室户型(2)，4室户型(1),暂无数据,暂无数据,住宅:3,在建中，竣工时间：2019-12-31,住宅:高层,2754181m²,佛山市华尚致远房地产开发有限公司,暂无数据,住宅 30.9万（首付比例：30%),2018-12-22,13栋高层住宅，呈围合式分布，其中10栋33层高，2栋18层高，还有1栋32层高,[三水-三水新城]湖滨南路,住宅103-150万元/套,住宅:2.28元/平米/月,远洋亿家物业服务股份有限公司佛山分公司,暂无数据,35%,暂无数据,2054户,2082个,1:1.01,在售
68,龙光玖誉府,"['低单价', '项目在建', '装修交付', '品牌开发商', '大型社区', '人车分流', '学校', '便利店', '南北通透', '厨卫全明']",2020-09-30,住宅 70年,暂无数据,65800m²,住宅11500元/㎡,三水乐平齐力大道北（乐平中心小学旁）,3室户型(2)，4室户型(2),暂无数据,暂无数据,住宅:2.7,在建中，竣工时间：2019-03-31,住宅:高层,230000m²,佛山市三水区龙光骏驰房地产有限公司,龙光地产,住宅 30.9万（首付比例：30%),2018-12-01,13栋高层住宅，32层高,[三水-乐平]齐力大道北（乐平中心小学旁）,住宅103-129万元/套,住宅:2.28元/平米/月,广东龙光集团物业管理有限公司佛山分公司,暂无数据,31%,暂无数据,1556户,1556个,1:1,在售
69,连城湾,"['项目在建', '装修交付', '车位充足', '购物中心', '公园', '学校', '便利店', '配套纯熟', '南北通透', '厨卫全明']",预计2020年5月交房,住宅 70年,暂无数据,18000m²,住宅18500元/㎡,佛山市南海区大沥镇盐步荣阳大街22号,3室户型(4)，4室户型(4),暂无数据,200,住宅:3.5,在建中，竣工时间：2018-07-30,住宅:高层,90000m²,佛山市广瑞房地产开发有限公司,佛山市广瑞房地产开发有限公司,住宅 48.6万（首付比例：30%),2018-06-09,层高22-23层，一共6栋。两梯4户,[南海-大沥]荣阳大街22号,住宅162-251万元/套,住宅:2.38元/平米/月,深圳市金地物业管理有限公司,暂无数据,35%,暂无数据,608户,200个,1:0.3,在售
70,时代领峰,"['项目在建', '装修交付', '品牌开发商', '大型社区', '人车分流', '学校', '厨卫全明', '大户型', '双卫生间', '双阳台']",2019-10-31,住宅 70年,暂无数据,118000m²,住宅18000元/㎡,佛山市南海区狮山桂丹路与三环东路交汇处,3室户型(3),暂无数据,暂无数据,住宅:3,在建中，竣工时间：2017-01-01,住宅:高层,396000m²,佛山市时代睿达房地产开发有限公司,暂无数据,住宅 51.3万（首付比例：30%),2018-03-27,规划有16栋31-32层高层洋房，两梯六户和两梯四户设计，产品面积段为85-140㎡,[南海-狮山]桂丹路与三环东路交汇处,住宅171-252万元/套,住宅:2.88元/平米/月,时代物业管理有限公司,暂无数据,30%,暂无数据,2580户,2638个,1:1.02,在售
71,雅瑶绿洲星悦湾,"['今年交房', '项目在建', '装修交付', '大型社区', '学校', '厨卫全明', '大户型', '大阳台', '双卫生间', '主卧套房']",2020-09-30,住宅 70年 别墅 70年,暂无数据,247987m²,"住宅17888-21000元/㎡, 别墅待定",佛山市南海区大沥镇雅瑶（南海碧桂园旁）,3室户型(2)，4室户型(2)，别墅户型(4),暂无数据,暂无数据,"住宅:1.1,别墅:1.1",在建中，竣工时间：2019-08-31,住宅:高层 别墅:独栋别墅 联排别墅 双拼别墅,357753m²,佛山市南海信达房地产有限公司,佛山市南海信达房地产有限公司,住宅 53.4万（首付比例：30%),2018-09-18,小高层 城市艺墅,[南海-大沥]桂和路,住宅178-378万元/套,住宅:2.4元/平米/月 别墅:2.6-3.6元/平米/月,广州市创浚物业管理有限公司南海分公司,暂无数据,35%,暂无数据,1720户,2192个,1:1.3,在售
72,万科金域滨江,"['项目在建', '装修交付', '车位充足', '厨卫全明', '大户型', '双卫生间', '主卧套房', '今年交房', '热搜盘', '热销盘']",2020-06-30,住宅 70年,暂无数据,110000m²,住宅19000-23000元/㎡,佛山市顺德区大良新城区F06地块（喜来登旁边）,3室户型(2)，4室户型(8),暂无数据,500,住宅:2.74,在建中，竣工时间：2019-12-30,住宅:高层,600000m²,佛山市顺德区万科置业有限公司,佛山市万科置业有限公司,住宅 51.3万（首付比例：30%),2018-09-29,楼高34层、43层、45层、47层,[顺德-大良]德胜中路13号,住宅171-331万元/套,住宅:3.1元/平米/月,万科物业发展有限公司,暂无数据,30%,暂无数据,1500户,500个,1:0.3,在售
73,时代星英御岛,"['项目在建', '装修交付', '品牌开发商', '学校', '南北通透', '厨卫全明', '大户型', '双卫生间', '双阳台', '今年交房']",2020-06-30,住宅 70年,暂无数据,37828m²,住宅21000元/㎡,佛山市佛山新城花卉世界旁（华阳桥北侧）,3室户型(5)，4室户型(4)，5室户型(1),暂无数据,暂无数据,住宅:3.5,在建中，竣工时间：2019-11-30,住宅:高层,186500m²,佛山市星英房地产开发有限公司,暂无数据,住宅 72万（首付比例：30%),2018-07-28,10栋30-31层高层住宅,[顺德-佛山新城]花卉世界旁（华阳桥北侧）,住宅240-330万元/套,住宅:2.6元/平米/月,广州宜家创生物业管理有限公司佛山分公司,暂无数据,35%,暂无数据,978户,1477个,1:1.5,在售
74,三水时代倾城,"['低单价', '项目在建', '装修交付', '品牌开发商', '大型社区', '购物中心', '南北通透', '厨卫全明', '大户型', '大阳台']",首批2020年6月15日交楼,住宅 70年,暂无数据,140000m²,住宅9000元/㎡(单价范围 8500-9500元/㎡),佛山市三水区大塘镇大㘵沙锦塘路8号,3室户型(5)，4室户型(3),暂无数据,暂无数据,住宅:2.24,在建中，竣工时间：2019-05-30,住宅:高层,388250m²,佛山市盛唐房地产发展有限公司,暂无数据,住宅 24万（首付比例：30%),2019-03-23,16-25层,[三水-大塘]大㘵沙锦塘路8号,住宅80-123万元/套,住宅:1.6元/平米/月,时代物业管理服务有限公司,暂无数据,35%,暂无数据,3050户,3234个,1:1,在售
75,招商熙园,"['今年交房', '低单价', '项目在建', '装修交付', '品牌开发商', '低容积', '车位充足', '人车分流', '南北通透', '厨卫全明']",2020-03-31,住宅 70年,暂无数据,60112m²,住宅8400元/㎡(单价范围 8000-8800元/㎡),高明区荷城街道沧江南路,3室户型(2)，4室户型(2),暂无数据,暂无数据,住宅:1.5,在建中，竣工时间：2019-08-30,住宅:小高层,27884m²,佛山招商翰林房地产有限公司,招商地产,住宅 27.9万（首付比例：30%),2018-12-15,楼高11层，1梯2户,[高明-荷城]沧江南路,住宅93-256万元/套,住宅:2.47元/平米/月,招商局物业管理有限公司佛山分公司,暂无数据,30%,暂无数据,786户,749个,1:0.9,在售
76,太平洋国际,"['项目在建', '装修交付', '车位充足', '人车分流', '商业街', '银行', '便利店', '厨卫全明', '大户型', '双卫生间']",2019-06-30,住宅 70年,暂无数据,60934m²,住宅23500元/㎡(单价范围 23000-24000元/㎡),顺德陈村赤花村白陈路太平洋国际花园（兰花市场附近）,2室户型(1)，3室户型(3)，4室户型(2),暂无数据,暂无数据,住宅:2.5,在建中，竣工时间：2016-12-30,住宅:高层,218359m²,佛山市顺德区太保置业开发有限公司,佛山市顺德区太保置业开发有限公司,住宅 58.5万（首付比例：30%),2018-12-15,高层,[顺德-陈村]陈村大道,住宅195-216万元/套,住宅:2元/平米/月,广州金匙房地产物业服务有限公司,暂无数据,30%,暂无数据,1330户,100个,1:0.1,在售
77,招商悦府,"['低单价', '项目在建', '装修交付', '大型社区', '人车分流', '医院', '银行', '南北通透', '厨卫全明', '大阳台']",预计2020年年中交房,住宅 70年,暂无数据,81356m²,住宅12500元/㎡(单价范围 12000-13000元/㎡),佛山市南海区九江镇沙龙路（佛开高速沙头出口旁）,3室户型(1)，4室户型(1),暂无数据,暂无数据,住宅:2.85,在建中，竣工时间：2019-12-31,住宅:高层,231867m²,佛山招商光华房地产有限公司,佛山招商光华房地产有限公司,住宅 34.5万（首付比例：30%),2018-09-01,32层，2梯6户,[南海-九江]沙龙路（佛开高速沙头出口旁）,住宅115-156万元/套,住宅:2.47元/平米/月,招商局物业管理有限公司,暂无数据,30%,暂无数据,2168户,2168个,1:1,在售
78,保利碧桂园天汇,"['项目在建', '装修交付', '品牌开发商', '大型社区', '人车分流', '购物中心', '便利店', '厨卫全明', '大户型', '大阳台']",2020-11-30,住宅 70年,暂无数据,136354m²,住宅21000元/㎡(单价范围 21000-23000元/㎡),佛山市禅城区魁奇路南侧、桂澜路东侧,2室户型(1)，3室户型(2)，4室户型(5)，5室户型(1),暂无数据,暂无数据,住宅:3.83,在建中，竣工时间：2018-12-31,住宅:高层,522000m²,保利华南实业有限公司 碧桂园地产,保利地产、碧桂园地产,住宅 111.9万（首付比例：30%),2018-12-14,30-32层高层洋房,[禅城-城南]桂澜路与东平路交汇处沿东平路前行100米,住宅373-409万元/套,住宅:3元/平米/月,碧桂园物业,暂无数据,27%,暂无数据,1940户,2150个,1：1.25,在售
79,碧桂园凤凰湾望江府,"['低单价', '项目在建', '装修交付', '品牌开发商', '金牌物业', '大型社区', '人车分流', '江景地产', '学校', '南北通透']",预计2019年年底交房,住宅 70年,暂无数据,170000m²,住宅13000元/㎡,佛山市顺德区容桂广东实验中学顺德学校附属小学旁,3室户型(1)，4室户型(2)，5室户型(1),暂无数据,暂无数据,住宅:4,在建中，竣工时间：2019-02-28,住宅:高层,680000m²,佛山市顺德区容桂土地发展有限公司,暂无数据,住宅 39万（首付比例：30%),2018-11-24,28、29、32层,[顺德-容桂]广东实验中学顺德学校附属小学旁,住宅130-358万元/套,住宅:2.8元/平米/月,广东碧桂园物业服务有限公司容桂分公司,暂无数据,35%,暂无数据,2003户,3239个,1:1.6,在售
80,绿城桂语兰庭,"['项目在建', '学校', '便利店', '南北通透', '厨卫全明', '大户型', '双卫生间', '双阳台', '今年交房']",2019-12-30,住宅 70年 别墅 70年,暂无数据,49621m²,"住宅25500元/㎡(单价范围 22500-26500元/㎡), 别墅34000元/㎡",佛山市禅城区桂澜路与绿景东路交汇处,3室户型(1)，4室户型(2),69,1340,"住宅:3.5,别墅:3.5",在建中，竣工时间：2019-06-20,住宅:小高层 高层 别墅:叠加别墅,227170m²,佛山绿康置业有限公司,绿城集团,住宅 67.5万（首付比例：30%)，别墅 129万（首付比例：30%),2018-12-01,楼高32层，2梯3户设计,[禅城-奇槎]桂澜路与绿景东路交汇处,"住宅225-384万元/套, 别墅430-650万元/套",住宅:3-3.5元/平米/月,绿城物业,暂无数据,30%,暂无数据,1264户,1409个,1:1.1,在售
81,城果,"['装修交付', '学校', '银行', '便利店', '南北通透', '厨卫全明', '双卫生间', '双阳台', '主卧套房', '刚需直选']",预计2020年6月交房,住宅 70年,暂无数据,11827m²,住宅22000元/㎡(单价范围 21000-23000元/㎡),佛山市南海区夏东路,3室户型(4),暂无数据,暂无数据,住宅:3,在建中，竣工时间：2019-12-31,住宅:高层,46520m²,佛山市南海区金储贸易有限公司,暂无数据,住宅 56.7万（首付比例：30%),2019-03-16,1、2、4、5栋为高层住宅；3、6栋为商业体；7栋为社区用房,[南海-桂城]南海区夏东路,住宅189-209万元/套,住宅:2.2元/平米/月,广东顺德鹏诚物业管理有限公司,暂无数据,20%,暂无数据,360户,272个,1:0.7,在售
82,力合阳光城云谷,"['项目在建', '装修交付', '品牌开发商', '人车分流', '医院', '大户型', '双卫生间', '低单价', '今年交房']",2021-06-30,住宅 70年 别墅 70年 商业 40年,暂无数据,120000m²,"商业14000元/㎡(单价范围 12000-14000元/㎡), 住宅待定, 别墅待定",山市顺德区南方智谷新城路与致慧路交界（大自然总部旁）,3室户型(2)，4室户型(2)，商业户型(2),暂无数据,暂无数据,"住宅:2.5,别墅:2.5,商业:2.5",在建中，竣工时间：2019-01-30,住宅:高层 别墅:叠加别墅 商业 高层,400000m²,广东顺德力合智德科技园投资有限公司,广东顺德力合智德科技园投资有限公司,商业 21.5万（首付比例：50%),2018-12-09,洋房楼高26层，叠墅6层高,[顺德-大良]智城路9号,商业43-72万元/套,住宅:3元/平米/月 别墅:4.8元/平米/月 商业:3元/平米/月,阳光城物业,暂无数据,30%,暂无数据,546户,633个(A区),1:1.2,在售
83,金地艺境天成,"['项目在建', '装修交付', '品牌开发商', '人车分流', '南北通透', '厨卫全明', '大阳台', '双卫生间', '双阳台', '大户型']",2020-10-31,住宅 70年 别墅 70年,暂无数据,50913m²,"住宅7600元/㎡(单价范围 7600-8600元/㎡), 别墅待定",佛山市三水区大塘镇镇府旁,3室户型(3)，4室户型(2),暂无数据,暂无数据,"住宅:2.5,别墅:2.5",在建中，竣工时间：2019-06-30,住宅:高层 花园洋房 别墅:联排别墅 双拼别墅,176786m²,佛山市三水区傲粤房地产开发有限公司,金地集团,住宅 19.2万（首付比例：30%),2018-12-08,平层：1栋 2梯6户， 2-8栋 2梯4户 别墅：9-55栋,[三水-大塘]大塘镇镇府旁,住宅64-120万元/套,住宅:2.8元/平米/月 别墅:4.8元/平米/月,金地物业管理有限公司,暂无数据,30%,暂无数据,1182户,暂无数据,暂无数据,在售
84,阳光城丽景公馆,"['低单价', '项目在建', '装修交付', '品牌开发商', '人车分流', '旅游地产', '厨卫全明', '大阳台', '双卫生间', '主卧套房']",2020-12-30,住宅 70年,暂无数据,29900m²,住宅8400元/㎡(单价范围 7500-8400元/㎡),佛山市高明区杨和镇三和路南侧自编1号,4室户型(3)，5室户型(1),暂无数据,暂无数据,住宅:3,在建中，竣工时间：2019-12-31,住宅:高层,119000m²,佛山霆万房地产开发有限公司,暂无数据,住宅 20.7万（首付比例：30%),2018-12-08,楼高20层，2梯4户,[高明-杨和]三和路南侧自编1号,住宅69-94万元/套,住宅:2.48元/平米/月,阳光城物业集团,暂无数据,30%,暂无数据,844户,799个,1：0.9,在售
85,万冠广场,"['项目在建', '装修交付', '小型社区', '人车分流', '购物中心', '公园', '医院', '学校', '银行', '配套纯熟']",预计最快2019年年中交房,住宅 70年,暂无数据,17984m²,住宅17600-18000元/㎡,佛山市南海区里水镇里水大道中10号（艺术河畔旁）,3室户型(2)，4室户型(2),暂无数据,暂无数据,住宅:3.5,在建中，竣工时间：2019-12-01,住宅:高层,83238m²,佛山市南海区万冠房地产开发有限公司,香港万冠国际,住宅 45.9万（首付比例：30%),2018-09-22,一期住宅共2栋，32层；二期商业待定。,[南海-里水]里水大道中10号,住宅153-216万元/套,住宅:2.9元/平米/月,佛山市亨信物业管理有限公司,暂无数据,20%,暂无数据,248户 (一期住宅户数),554个(小区车位总数),1:1,在售
86,碧桂园奥斯汀,"['低单价', '项目在建', '装修交付', '品牌开发商', '大型社区', '车位充足', '购物中心', '学校', '厨卫全明', '复式']",公寓预计2020年4月交房,住宅 70年 商业 40年,暂无数据,37333m²,"住宅12000元/㎡, 商业8500元/㎡(单价范围 8500-9500元/㎡)",佛山三水新动力广场1楼中庭,3室户型(2)，4室户型(1)，商业户型(2),暂无数据,暂无数据,"住宅:3.2,商业:3.2",在建中，竣工时间：2019-12-31,住宅:小高层 高层 商业 高层,147000m²,佛山市三水西南碧桂园房地产开发有限公司,暂无数据,住宅 31.5万（首付比例：30%)，商业 1.5万（首付比例：5%),2018-12-07,20-30,[三水-西南]锦江路及口岸大道交界处,"住宅105-115万元/套, 商业30-41万元/套",住宅:2.28元/平米/月,佛山市顺德区碧桂园物业发展有限公司,暂无数据,30%,暂无数据,2024户,697个,1:0.97,在售
87,碧桂园联丰天汇湾,"['项目在建', '装修交付', '高绿化率', '大型社区', '车位充足', '南北通透', '厨卫全明', '大户型', '双卫生间', '双阳台']",17栋2021年1月交房,住宅 70年,暂无数据,67816m²,住宅9300元/㎡,佛山市高明区西江新城怡乐路888号（沧江中学旁）,3室户型(3)，4室户型(3),1337,148,住宅:3,在建中，竣工时间：2019-12-31,住宅:高层,258288m²,佛山市高明区联丰置业发展有限公司,暂无数据,住宅 30.6万（首付比例：30%),2018-12-22,18栋17-32层高层洋房,[高明-荷城]西江新城怡乐路888号（沧江中学以南）,住宅102-132万元/套,住宅:1.98元/平米/月,广东碧桂园物业服务有限公司佛山高明分公司,暂无数据,36%,暂无数据,1542户,1485个,1:0.9,在售
88,招商樾园,"['项目在建', '装修交付', '品牌开发商', '大型社区', '车位充足', '人车分流', '学校', '南北通透', '厨卫全明', '双卫生间']",2020-08-31,住宅 70年,暂无数据,70500m²,住宅14000元/㎡(单价范围 12000-14000元/㎡),佛山市三水区北江新区凤凰公园南侧,3室户型(4)，4室户型(4),暂无数据,暂无数据,住宅:3.2,在建中，竣工时间：2019-06-30,住宅:高层,313767m²,招商蛇口佛山公司,招商蛇口佛山公司、九龙仓集团,住宅 34.2万（首付比例：30%),2018-11-24,楼高33层,[三水-云东海]北江新区凤凰公园南侧,住宅114-166万元/套,住宅:2.2元/平米/月,招商局物业,暂无数据,30%,暂无数据,2044户,1919个,1:0.94,在售
89,君御海城,"['低单价', '项目封顶', '装修交付', '大平层', '大型社区', '车位充足', '公园', '学校', '厨卫全明', '大户型']",2020年6月25座交房,住宅 70年,暂无数据,400000m²,住宅10000元/㎡,佛山高明区西江新城沿江路,3室户型(4)，4室户型(1)，5室户型(2),暂无数据,500,住宅:3,已封顶，竣工时间：2018-09-30,住宅:高层,1000000m²,佛山市高明富逸湾实业开发有限公司,佛山市高明富逸湾实业开发有限公司,住宅 26.4万（首付比例：30%),2018-11-24,联排 低层 小高层,[高明-荷城]沿江路,住宅88-155万元/套,住宅:2元/平米/月,第一太平戴维斯物业顾问有限公司,暂无数据,40%,暂无数据,7000户,500个,1:0.1,在售
90,金辉优步大道,"['项目在建', '装修交付', '品牌开发商', '人车分流', '南北通透', '厨卫全明', '大户型', '双卫生间', '双阳台', '主卧套房']",2020-12-31,住宅 70年,暂无数据,43000m²,住宅20000元/㎡(单价范围 20000-23000元/㎡),佛山顺德北滘潭洲国际会展中心旁,3室户型(3)，4室户型(3),暂无数据,暂无数据,住宅:2.5,在建中，竣工时间：2019-10-31,住宅:高层,142000m²,佛山市金辉房地产有限公司,金辉集团,住宅 58.8万（首付比例：30%),2018-11-24,楼高26-30层,[顺德-北滘]潭洲国际会展中心旁,住宅196-225万元/套,住宅:3元/平米/月,金辉物业,暂无数据,31%,暂无数据,984户,暂无数据,暂无数据,在售
91,润汉幸福汇广场,"['项目封顶', '装修交付', '医院', '学校', '银行', '便利店', '配套纯熟', '厨卫全明', '复式', '双卫生间']",2020-12-31,住宅 70年 商业 40年,暂无数据,27370m²,"商业16800元/㎡(单价范围 14200-19000元/㎡), 住宅待定",顺德区伦教街道南苑中路1号,商业户型(4),暂无数据,暂无数据,"住宅:4,商业:4",已封顶，竣工时间：2019-08-31,住宅:高层 商业 高层,152285m²,佛山润汉房地产开发有限公司,暂无数据,商业 20.1万（首付比例：30%),2018-12-23,1栋2梯4户共31层； 2栋2梯4户共30层； 3栋2梯4户共27层；,[顺德-伦教]南苑中路1号,商业67-117万元/套,住宅:5元/平米/月 商业:5元/平米/月,顺德区澳奇物业管理有限公司,暂无数据,21%,暂无数据,534户,550个,1:1.03,在售
92,保利诺丁山,"['今年交房', '项目在建', '装修交付', '品牌开发商', '大型社区', '人车分流', '厨卫全明', '大户型', '双卫生间', '主卧套房']",2019-04-30,住宅 70年,暂无数据,86752m²,住宅25000元/㎡,佛山市南海区三山新城港口路与环岛南路交汇处,3室户型(7)，4室户型(1),暂无数据,2600,住宅:3.29,在建中，竣工时间：2018-12-31,住宅:小高层 高层,367137m²,佛山市保利昊峰房地产有限公司,佛山市保利昊峰房地产有限公司,住宅 77.1万（首付比例：30%),2018-06-10,30-40层高层住宅,[南海-桂城]环岛南路,住宅257-337万元/套,住宅:2.47元/平米/月,保利物业发展股份有限公司,暂无数据,30%,暂无数据,2259户,2600个,1:1.2,在售
93,江山一品,"['低单价', '项目在建', '人车分流', '便利店', '厨卫全明', '大户型', '双阳台', '主卧套房', '今年交房']",2019-12-30,住宅 70年,暂无数据,66846m²,住宅13000元/㎡(单价范围 13000-13500元/㎡),佛山市南海区西樵北江大堤路6号（凰樵圣堡前）,3室户型(2)，4室户型(1),暂无数据,暂无数据,住宅:2.5,在建中，竣工时间：2016-12-30,住宅:高层,215489m²,佛山市南海区东恒商业投资管理有限公司,佛山市南海区东恒商业投资管理有限公司,住宅 34.2万（首付比例：30%),2018-04-29,33-27层,[南海-西樵]大堤路6号,住宅114-232万元/套,住宅:2元/平米/月,佛山市南海区豪信物业管理有限公司,暂无数据,34%,暂无数据,732户,1326个,1:1.8,在售
94,时代香海彼岸,"['装修交付', '品牌开发商', '大型社区', '车位充足', '人车分流', '购物中心', '便利店', '南北通透', '厨卫全明', '双卫生间']",2017-12-31,住宅 70年,暂无数据,51457m²,住宅23000元/㎡,佛山市禅城区桂澜路与绿景东路交界 佛山市禅城区桂澜路与绿景东路交汇处（半月岛湿地公园西行300米）,3室户型(2)，4室户型(2),暂无数据,1400,住宅:3.5,已竣工，交房时间：2017-06-30,住宅:高层,231041m²,时代地产佛山公司,时代地产,住宅 67.5万（首付比例：30%),2018-12-01,楼高35层，2梯4户设计,[禅城-石湾]绿景东路,住宅225-289万元/套,住宅:2.8元/平米/月,广州市时代物业管理有限公司,暂无数据,30%,暂无数据,1632户,1142个,1:0.7,在售
95,恒福天悦,"['今年交房', '低单价', '项目在建', '大型社区', '车位充足', '医院', '便利店', '厨卫全明', '大户型', '双卫生间']",2019-02-28,住宅 70年,暂无数据,58125m²,住宅14800元/㎡,南海狮山广云路303号（华立医院斜对面）,3室户型(8)，4室户型(1)，5室户型(1),暂无数据,暂无数据,住宅:3.3,在建中，竣工时间：2018-12-30,住宅:高层,271938m²,吉林省恒利房地产开发有限公司,吉林省恒利房地产开发有限公司,住宅 34.8万（首付比例：30%),2018-11-06,14栋30-31层高层洋房,[南海-狮山]广云路303号,住宅116-171万元/套,住宅:2.45元/平米/月,恒福物业管理有限公司,暂无数据,30%,暂无数据,1796户,800个,1:0.4,在售
96,恒大山湖郡,"['恒大大优惠', '项目在建', '装修交付', '品牌开发商', '大型社区', '人车分流', '旅游地产', '厨卫全明', '大户型', '双卫生间']",2020-06-30,住宅 70年 别墅 70年,暂无数据,208961m²,"住宅7000-7800元/㎡, 别墅5500-11000元/㎡",佛山市高明区泰康山风景区旁（广明高速明城出口）毗邻溢彩国际旅游度假区,1室户型(2)，3室户型(6)，4室户型(4),暂无数据,暂无数据,"住宅:2.2,别墅:2.2",在建中，竣工时间：2020-03-31,住宅:高层 别墅:双拼别墅 叠加别墅,446796m²,佛山市高明高协和房地产开发有限公司,暂无数据,住宅 18.9万（首付比例：30%)，别墅 21.9万（首付比例：30%),2017-12-31,28-31层,[高明-明城]泰康山风景区旁（广明高速明城出口）毗邻溢彩国际旅游度假区,"住宅63-111万元/套, 别墅73-354万元/套",住宅:2.47元/平米/月 别墅:3.5元/平米/月,金碧物业,暂无数据,41%,暂无数据,3666户,3627个,1:1,在售
97,万科魅力之城,"['项目在建', '装修交付', '品牌开发商', '大型社区', '厨卫全明', '大户型', '双卫生间', '热销盘', '热评楼盘', '今年交房']",2019-12-30,住宅 70年 别墅 70年,暂无数据,132954m²,住宅9500-10500元/㎡,广东省佛山市三水区芦苞大道新昌小镇东门侧,3室户型(5)，4室户型(1),暂无数据,暂无数据,"住宅:2.5,别墅:2.5",在建中，竣工时间：2019-01-31,住宅:高层 别墅:联排别墅,458323m²,佛山市万唯家房地产咨询有限公司,万科集团,住宅 23.7万（首付比例：30%)，别墅 44万（首付比例：20%),2018-09-22,1，2，5-16栋高层洋房44层高：3，4栋高层洋房30层高，17栋高层洋房31层高，8栋别墅3层高,[三水-芦苞]芦苞大道新昌小镇东门侧万科魅力之城,"住宅79-126万元/套, 别墅220万元/套起",住宅:2.28元/平米/月 别墅:3.2元/平米/月,佛山市万科物业管理有限公司,暂无数据,30%,暂无数据,3464户,2730个,1：0.8,在售
98,恒大悦府,"['恒大大优惠', '今年交房', '项目在建', '装修交付', '品牌开发商', '大型社区', '车位充足', '人车分流', '便利店', '大户型']",2020-03-31,住宅 70年,暂无数据,108898m²,住宅22000元/㎡,佛山市南海区千灯湖金融高新区D区（桂和路与穗盐路交汇处）,3室户型(12)，4室户型(2),暂无数据,1200,住宅:3.7,在建中，竣工时间：2018-08-30,住宅:高层,505514m²,佛山市裕朗通房地产开发有限公司,中国恒大集团珠三角公司,住宅 69.3万（首付比例：30%),2018-09-08,高层,[南海-千灯湖]桂和路,住宅231-275万元/套,住宅:2.5元/平米/月,金碧物业有限公司,暂无数据,30%,暂无数据,3260户 (现有规划),1200个(地下车位3065个，室外公共车位158个),1:0.4,在售
99,奥园观湖尚居,"['低单价', '项目在建', '装修交付', '品牌开发商', '车位充足', '人车分流', '大户型', '双卫生间', '今年交房', '人气楼盘']",2019-12-30,住宅 70年 商业 40年,暂无数据,53000m²,"商业9500元/㎡(单价范围 9000-10000元/㎡), 住宅待定",南海区禅炭路232号（南海技师学院旁）,3室户型(13)，4室户型(3),58,500,"住宅:3,商业:3",在建中，竣工时间：2017-12-30,住宅:小高层 高层 商业 高层,210000m²,恒德胜嘉房地产开发有限公司,广东奥园商业地产集团有限公司,商业 13万（首付比例：50%),2018-05-13,8栋住宅和2栋商业，一期主推1栋，共三座10层高住宅，2栋1座32层高住宅，3栋为2座32层高住宅。,[南海-狮山]禅炭路232号,商业26-93万元/套,住宅:2.4元/平米/月,奥园物业,暂无数据,33%,暂无数据,1435户,800个(地上58个；地下532（一期）),1:0.6,在售
100,保利·中央公园,"['项目在建', '装修交付', '品牌开发商', '大型社区', '人车分流', '购物中心', '厨卫全明', '大户型', '双卫生间', '双阳台']",2019-12-31,住宅 70年,暂无数据,171752m²,住宅16000元/㎡(单价范围 15000-17000元/㎡),顺德大良北105国道与龙洲路交汇处,3室户型(10)，4室户型(3),暂无数据,450,住宅:2.8,在建中，竣工时间：2018-08-31,住宅:高层,685841m²,暂无数据,广东保利置业有限公司,住宅 36.9万（首付比例：30%),2018-04-24,项目分4期开发，整个小区共31栋高层住宅，两梯五户或两梯三户。,[顺德-伦教]龙洲路,住宅123-289万元/套,住宅:2.8元/平米/月,广州保利城物业管理有限公司顺德分公司,暂无数据,30%,暂无数据,3461户,5214个(5124个机动车位，4770个非机动车位。),1:1.5,在售
101,佳兆业金域天下,"['低单价', '项目在建', '品牌开发商', '大型社区', '厨卫全明', '大户型', '小户型', '双卫生间', '主卧套房', '人气楼盘']",2019-12-31,住宅 70年 别墅 70年,暂无数据,197000m²,"住宅13000元/㎡, 别墅15900元/㎡(单价范围 15900-18900元/㎡)",顺德区容桂外环路与建业路交汇处北行200米 顺德容桂外环路与建业路交汇处北行200米,2室户型(2)，3室户型(13)，4室户型(7),暂无数据,4896,"住宅:2.5,别墅:2.5",在建中，竣工时间：2018-12-31,住宅:高层 别墅:联排别墅 双拼别墅,660000m²,暂无数据,佛山市顺德区理想城房地产投资有限公司,别墅 101.1万（首付比例：30%),2018-08-12,18/25/31/32层,[顺德-容桂]外环路,"住宅141万元/套, 别墅337-803万元/套",住宅:2.49元/平米/月,佳兆业物业管理（深圳）有限公司容桂分公司,暂无数据,35%,暂无数据,4058户,5830个,1:1.4,在售
102,保利公园里,"['今年交房', '项目在建', '品牌开发商', '购物中心', '商业街', '公园', '学校', '银行', '便利店', '配套纯熟']",2020-10-31,住宅 70年,暂无数据,47013m²,住宅15000元/㎡,顺德区乐从镇乐从大道（南区公园西北面）,2室户型(2)，3室户型(4)，4室户型(4),暂无数据,暂无数据,住宅:3,在建中，竣工时间：2018-11-30,住宅:高层,190022m²,佛山市顺德区保利房地产有限公司.87,佛山市顺德区保利房地产有限公司,住宅 30.9万（首付比例：30%),2019-03-09,楼高23/25层，2梯3户设计、2梯4户设计,[顺德-乐从]乐从大道,住宅103-190万元/套,住宅:2.5-3元/平米/月,佛山市顺德区保利房地产有限公司,暂无数据,35%,暂无数据,1036户 (当前285户),1036个,1:1,在售
103,金沙半岛,"['项目在建', '装修交付', '大型社区', '车位充足', '厨卫全明', '大户型', '双卫生间', '双阳台', '今年交房']",2019-12-30,住宅 70年,暂无数据,250000m²,住宅22000元/㎡,佛山市南海区里水大道南上沙路（广佛高速沙涌收费站出口右转700米） 佛山市南海区里水大道南上沙路,3室户型(2)，4室户型(2),暂无数据,800,住宅:4.8,在建中，竣工时间：2017-11-30,住宅:高层,1200000m²,星晖置业房地产开发有限公司,"富港集团,宏鼎集团,新年集团",住宅 58.5万（首付比例：30%),2017-11-30,金沙半岛分南北两区开发，北区为10栋32-40层超高层。面积段为89-143平的三至四房。,[南海-里水]基围大道,住宅195-314万元/套,住宅:2.6元/平米/月,三水广场物业,暂无数据,30%,暂无数据,7000户,800个,1:0.1,在售
104,欧雅右岸春天,"['今年交房', '低单价', '项目在建', '装修交付', '大型社区', '车位充足', '人车分流', '学校', '银行', '便利店']",2020-10-31,住宅 70年,暂无数据,102416m²,住宅12000元/㎡,三水西南金太阳东侧碧雅路,3室户型(6)，4室户型(1),暂无数据,400,住宅:2.5,在建中，竣工时间：2018-05-30,住宅:高层,342353m²,佛山市三水奥米茄房地产开发有限公司,佛山市三水奥米茄房地产开发有限公司,住宅 21.2万（首付比例：20%),2018-10-31,楼高23层，2梯4户设计,[三水-西南]碧雅路25号,住宅106-148万元/套,住宅:1.1元/平米/月,珠江物业管理公司,暂无数据,35%,暂无数据,2373户,400个,1:0.2,在售
105,保利紫山花园,"['项目封顶', '装修交付', '品牌开发商', '车位充足', '厨卫全明', '大户型', '双卫生间', '今年交房', '热销盘']",2019-08-30,住宅 70年 别墅 70年,暂无数据,273333m²,"住宅21000元/㎡, 别墅待定",佛山市南海区里水镇沙涌村委会盐南线南侧地段,2室户型(1)，3室户型(2)，4室户型(1)，5室户型(1)，别墅户型(6),暂无数据,500,"住宅:2.92,别墅:1.27",已封顶，竣工时间：2018-12-30,住宅:高层 别墅:联排别墅,305193m²,佛山市南海区景元房地产有限公司,佛山市南海区景元房地产有限公司,住宅 56.7万（首付比例：30%),2018-10-30,联排别墅,[南海-里水]里水大道南,住宅189-268万元/套,住宅:2.47元/平米/月 别墅:8元/平米/月,保利（佛山）物业管理有限公司,暂无数据,35%,暂无数据,603户,500个,1:0.8,在售
106,盛凯尚城,"['厨卫全明', '双卫生间', '双阳台', '刚需直选', '项目在建', '配套纯熟', '公园', '医院', '学校', '银行']",2021-03-31,住宅 70年,暂无数据,31000m²,住宅9000元/㎡,佛山市三水区乐平镇乐华路45号,3室户型(2)，4室户型(1),暂无数据,暂无数据,住宅:3,在建中，竣工时间：2020-02-28,住宅:高层,110000m²,佛山市三水区盛凯物业有限公司,暂无数据,住宅 22.8万（首付比例：30%),2018-12-29,17-32层,[三水-乐平]乐华路45号,住宅76-97万元/套,住宅:2.28元/平米/月,佛山市邦盛物业有限公司,暂无数据,28%,暂无数据,788户,579个,1:0.7,在售
107,誉江华府,"['今年交房', '低单价', '项目在建', '装修交付', '大型社区', '车位充足', '人车分流', '学校', '银行', '厨卫全明']",预计2020年年中交房,住宅 70年 别墅 70年,暂无数据,118475m²,"住宅10000元/㎡, 别墅20000元/㎡",南海九江镇江滨路（镇政府西行约500米）,3室户型(2)，4室户型(4)，5室户型(2),暂无数据,500,"住宅:3.3,别墅:3.3",在建中，竣工时间：2020-01-30,住宅:高层 别墅:独栋别墅 联排别墅,380000m²,佛山市南海江浦湾房地产有限公司,佛山市南海江浦湾房地产有限公司,住宅 37.8万（首付比例：30%)，别墅 336万（首付比例：30%),2018-05-12,独栋别墅 联排 高层,[南海-九江]江滨路,"住宅126-260万元/套, 别墅1120-2600万元/套",住宅:1.8元/平米/月 别墅:2.2元/平米/月,广东中奥物业管理有限公司,暂无数据,35%,暂无数据,2910户 (总共 1200 户 当期 300 户),500个(地下车库),1:0.2,在售
108,恒大云东海花园,"['恒大大优惠', '低单价', '项目在建', '装修交付', '大型社区', '车位充足', '厨卫全明', '大户型', '双卫生间', '双阳台']",2020-07-31,住宅 70年 别墅 70年,暂无数据,943195m²,"住宅9700元/㎡(单价范围 8500-11000元/㎡), 别墅13000元/㎡(单价范围 13000-19000元/㎡)",三水区云东海街道,3室户型(5)，别墅户型(1),暂无数据,暂无数据,"住宅:0.6,别墅:0.6",在建中，竣工时间：2019-01-31,住宅:小高层 别墅:独栋别墅,601924m²,佛山市三水深业地产有限公司,恒大地产,住宅 21.9万（首付比例：30%)，别墅 80.1万（首付比例：30%),2018-11-10,小高层9-11层、独栋别墅、 联排、双拼,[三水-云东海]云东海街道,"住宅73-137万元/套, 别墅267-1879万元/套",别墅:3-3.6元/平米/月,金碧物业,暂无数据,68%,暂无数据,3000户,1000个,1:0.3,在售
109,万科翡翠江望,"['项目在建', '装修交付', '品牌开发商', '人车分流', '便利店', '厨卫全明', '大户型', '双卫生间', '主卧套房', '今年交房']",2020-09-30,住宅 70年,暂无数据,53795m²,住宅21000元/㎡(单价范围 20000-21000元/㎡),佛山市顺德区陈村镇二龙大堤西侧,3室户型(2)，4室户型(1),暂无数据,暂无数据,住宅:2.5,在建中，竣工时间：2019-05-30,住宅:高层,180000m²,佛山市顺德区万懿房地产有限公司,暂无数据,住宅 54万（首付比例：30%),2018-11-10,楼高32层，2梯4户设计,[顺德-陈村]二龙大堤西侧,住宅180-189万元/套,住宅:2.98元/平米/月,万科物业服务有限公司,暂无数据,35%,暂无数据,1300户,1404个,1:1.08,在售
110,M-CITY,"['项目封顶', '轨交房', '大型社区', '车位充足', '购物中心', '商业街', '银行', '便利店', '配套纯熟', '大户型']",2020-06-30,住宅 70年 商业 40年,暂无数据,80400m²,"住宅20000元/㎡, 商业20000元/㎡",佛山新城裕和路与文华南路东南交汇处,3室户型(5)，4室户型(1),暂无数据,500,"住宅:4,商业:4",已封顶，竣工时间：2015-06-30,住宅:高层 商业 高层,600000m²,佛山市金汇海投资有限公司,佛山市金汇海投资有限公司,住宅 76.8万（首付比例：30%)，商业 24.6万（首付比例：30%),2018-07-15,超高层,[顺德-佛山新城]文化南路,"住宅256-342万元/套, 商业82-220万元/套",住宅:3元/平米/月 商业:9元/平米/月,睿智国通物业,暂无数据,30%,暂无数据,2805户,500个(地下车库),1:0.2,在售
111,绿地 · 樾湖国际生态城,"['装修交付', '品牌开发商', '低容积', '人车分流', '厨卫全明', '大阳台', '双卫生间', '项目在建', '低单价', '人气楼盘']",预计2020年交楼,住宅 70年 别墅 70年 商业 40年,暂无数据,960000m²,"住宅8500元/㎡, 别墅待定, 商业待定",肇庆市高要区白土镇金广大道,2室户型(1)，3室户型(2),暂无数据,暂无数据,"住宅:1.99,别墅:1.99,商业:1.99",在建中，竣工时间：2020-12-31,住宅:高层 别墅:独栋别墅 联排别墅 商业 高层,1920000m²,肇庆亨昌实业投资有限公司,绿地集团,住宅 18.6万（首付比例：30%),2018-09-30,楼高26层，2梯4户设计,[佛山周边-其他]肇庆市高要区白土镇金广大道,住宅62-88万元/套,住宅:2元/平米/月,长城物业集团股份有限公司,暂无数据,30%,暂无数据,暂无数据,暂无数据,暂无数据,在售
112,奥园上林一品,"['低单价', '项目在建', '大型社区', '车位充足', '人车分流', '医院', '学校', '便利店', '大户型', '大阳台']",2019-12-30,住宅 70年,暂无数据,126313m²,住宅13600元/㎡,南海丹灶镇迎金一路1号,3室户型(4)，4室户型(3),2411,342,住宅:2.7,在建中，竣工时间：2019-12-31,住宅:高层,428933m²,佛山市南海嘉美置业有限公司,奥园地产,住宅 38.1万（首付比例：30%),2018-09-20,板楼 小高层 高层,[南海-丹灶]迎金一路1号,住宅127-187万元/套,住宅:1.8元/平米/月,佛山市南海区豪信物业管理有限公司,暂无数据,31%,暂无数据,3253户,2753个,1:0.8,在售
113,万科城市花园,"['低单价', '项目在建', '装修交付', '品牌开发商', '车位充足', '人车分流', '学校', '银行', '厨卫全明', '双卫生间']",2020-06-30,住宅 70年,暂无数据,35270m²,住宅10500元/㎡,广东省佛山市三水区白坭镇金竹路,3室户型(2)，4室户型(1),暂无数据,暂无数据,住宅:2.8,在建中，竣工时间：2019-06-30,住宅:高层,116000m²,佛山市润丰实业投资有限公司,暂无数据,住宅 28.8万（首付比例：30%),2018-07-15,24层,[三水-白坭]金竹路,住宅96-128万元/套,住宅:2.2元/平米/月,佛山市万科物业服务有限公司,暂无数据,25%,暂无数据,995户,615个,1:0.6,在售
114,敏捷金谷国际,"['项目在建', '装修交付', '大型社区', '车位充足', '学校', '银行', '厨卫全明', '双卫生间', '双阳台', '热评楼盘']",预计2020年交楼,住宅 70年 商业 40年,暂无数据,97000m²,"住宅15000元/㎡, 商业11000元/㎡",佛山市禅城区汾江北路（华南五金电器城对面）,3室户型(6)，商业户型(2),暂无数据,暂无数据,"住宅:4.5,商业:4.5",在建中，竣工时间：2019-03-30,住宅:小高层 高层 商业 多层 小高层,438000m²,佛山高佛置地商业有限公司,暂无数据,住宅 39.9万（首付比例：30%),2018-05-26,首层街铺6米挑高设计，一层变两层，170%超高使用率,[禅城-祖庙]汾江北路（华南五金电器城对面）,"住宅133-144万元/套, 商业49万元/套",住宅:2.1元/平米/月 商业:3元/平米/月,广州市开物物业管理有限公司,暂无数据,25%,暂无数据,2200户,1760个,1:0.8,在售
115,富力西江十号,"['低单价', '项目在建', '装修交付', '品牌开发商', '人车分流', '银行', '大户型', '今年交房']",2019-10-31,住宅 70年,暂无数据,21000m²,住宅13000元/㎡(单价范围 12000-13000元/㎡),广东南海九江江滨路镇政府旁（儒林中学东侧）,3室户型(3)，4室户型(6),暂无数据,暂无数据,住宅:3.8,在建中，竣工时间：2018-07-31,住宅:高层,88000m²,暂无数据,暂无数据,住宅 45.3万（首付比例：30%),2018-07-14,31层,[南海-九江]江滨路镇政府旁（儒林中学东侧）,住宅151-232万元/套,住宅:2.45元/平米/月,广州天力物业发展有限公司,暂无数据,25%,暂无数据,458户,585个,1:1.27,在售
116,旭辉公元,"['项目在建', '装修交付', '品牌开发商', '大型社区', '车位充足', '人车分流', '公园', '医院', '学校', '银行']",2019-08-30,住宅 70年 商业 40年,暂无数据,46000m²,"住宅17000元/㎡, 商业10000元/㎡(单价范围 10000-15000元/㎡)",佛山市禅城区汾江北路82号,3室户型(1)，4室户型(2)，商业户型(2),暂无数据,暂无数据,"住宅:3.5,商业:3.5",在建中，竣工时间：2018-11-30,住宅:高层 商业 高层,208000m²,佛山市合盈置业有限公司,佛山市合盈置业有限公司,住宅 59.4万（首付比例：30%)，商业 28.5万（首付比例：50%),2017-12-01,高层洋房楼高17层，2梯4户设计、高层公寓3栋，共1749户，loft设计4.5米高,[禅城-祖庙]汾江北路82号,"住宅198万元/套起, 商业57-93万元/套",住宅:2.8元/平米/月 商业:2.8元/平米/月,上海永生物业管理有限公司,暂无数据,30%,暂无数据,2530户,1070个,1:0.4,在售
117,新城璟城,"['项目在建', '装修交付', '品牌开发商', '大型社区', '人车分流', '大户型', '双卫生间', '今年交房']",2019-12-30,住宅 70年,暂无数据,144563m²,住宅16500元/㎡(单价范围 16000-17000元/㎡),佛山市南海区狮山镇广云路和兴业路交界,3室户型(2)，4室户型(1),暂无数据,暂无数据,住宅:3,在建中，竣工时间：2019-05-30,住宅:高层,433689m²,佛山鼎域房地产有限公司,新城控股,住宅 38.4万（首付比例：20%),2018-07-21,33层,[南海-狮山]广云路和兴业路交界,住宅192-243万元/套,住宅:2.47元/平米/月,新城悦物业,暂无数据,30%,暂无数据,3552户,3821个,1:1.1,在售
118,时代南湾,"['今年交房', '低单价', '项目在建', '装修交付', '品牌开发商', '大型社区', '车位充足', '人车分流', '厨卫全明', '大户型']",二期2019年12月交楼,住宅 70年,暂无数据,105552m²,住宅12500元/㎡,佛山市三水区北江新区西河路北侧地块一（南港码头西北面）,3室户型(7)，4室户型(7),暂无数据,暂无数据,住宅:2.97,在建中，竣工时间：2018-09-30,住宅:高层,413080m²,暂无数据,佛山市百盈达房地产开发有限公司,住宅 39.9万（首付比例：30%),2018-07-15,规建31栋30~32层高住宅,[三水-西南]西河路,住宅133-168万元/套,住宅:2.58元/平米/月,广州市时代物业管理有限公司佛山分公司,暂无数据,35%,暂无数据,5210户,4641个,1:0.9,在售
119,时代水岸,"['项目在建', '装修交付', '大型社区', '公园', '银行', '便利店', '厨卫全明', '大户型', '双卫生间', '热销盘']",2019-10-30,住宅 70年,暂无数据,176300m²,住宅28000元/㎡,佛山市金沙洲海北大道南 佛山金沙洲海北大道南 南海区金沙洲·海北大道南 佛山市南海区金沙洲黄岐大桥西侧,3室户型(10)，4室户型(5),暂无数据,暂无数据,住宅:3.8,在建中，竣工时间：2019-02-28,住宅:小高层 高层 花园洋房,884500m²,暂无数据,佛山市时代华泰房地产开发有限公司,暂无数据 [房贷计算器],2017-11-25,首期由13栋30-34层高洋房组成，二期共14栋,[南海-大沥]沿江路163号,住宅266万元/套,住宅:2.47-2.81元/平米/月,时代地产物业管理有限公司,暂无数据,30%,暂无数据,6072户,5826个,1:1,二期洋房在售
120,旭辉城,"['今年交房', '低单价', '项目在建', '装修交付', '品牌开发商', '大型社区', '车位充足', '人车分流', '银行', '南北通透']",2019-12-30,住宅 70年,暂无数据,200000m²,住宅12000元/㎡(单价范围 11000-12000元/㎡),佛山市三水区云东海街道南丰大道99号,2室户型(2)，3室户型(11)，4室户型(2),暂无数据,暂无数据,住宅:2,在建中，竣工时间：2019-06-30,住宅:多层 小高层 高层 花园洋房,300000m²,佛山市华祥发地产开发有限公司,佛山市华祥发地产开发有限公司,住宅 28.8万（首付比例：30%),2018-03-03,低层楼高5层，1梯2户；高层洋房楼高32层，2梯4户设计。,[三水-三水新城]南丰大道30号,住宅96-138万元/套,住宅:2.28元/平米/月,上海永升物业管理股份有限公司,暂无数据,35%,暂无数据,2731户,暂无数据,1:0,在售
121,华润置地悦里,"['项目在建', '装修交付', '品牌开发商', '大型社区', '人车分流', '公园', '厨卫全明', '大户型', '双卫生间', '主卧套房']",一期预计2020年10月交房,住宅 70年,暂无数据,71000m²,住宅18000元/㎡(单价范围 17500-19000元/㎡),佛山新城裕和路与腾冲钢贸路交汇南行300米（碧桂园华润新城之光东侧）,3室户型(4)，4室户型(5),暂无数据,暂无数据,住宅:5.2,在建中，竣工时间：2019-11-30,住宅:高层,37000m²,佛山市润穗房地产开发有限公司,华润置地,住宅 46.2万（首付比例：30%),2018-07-21,33层（一期）,[顺德-佛山新城]裕和路与腾冲钢贸路交汇南行300米（碧桂园华润新城之光东侧）,住宅154-234万元/套,住宅:3.3元/平米/月,深圳华润物业管理有限公司佛山分公司,暂无数据,29%,暂无数据,5000户 (一期),暂无数据,暂无数据,在售
122,中海万锦公馆,"['项目在建', '装修交付', '品牌开发商', '大型社区', '车位充足', '人车分流', '公园', '学校', '银行', '厨卫全明']",2019-09-30,住宅 70年,暂无数据,64000m²,住宅17500元/㎡,伦教伦桂路与南苑西路交汇处西北侧,3室户型(7)，4室户型(1),暂无数据,1200,住宅:3,在建中，竣工时间：2019-09-30,住宅:小高层 高层,280000m²,海润房地产开发有限公司,中海地产,住宅 60万（首付比例：30%),2018-07-15,25栋18层一梯两户小高层，4栋32层二梯六户高层,[顺德-伦教]南苑西路,住宅200-257万元/套,住宅:3元/平米/月,中海物业,暂无数据,25%,暂无数据,1566户,1200个,1:0.8,在售
123,碧桂园岭南盛世,"['项目在建', '轨交房', '品牌开发商', '大型社区', '人车分流', '购物中心', '商业街', '公园', '医院', '学校']",2019-12-30,住宅 70年 别墅 70年,暂无数据,116666m²,"别墅28000元/㎡, 住宅待定",佛山市禅城区祖庙街道兆祥路与市东下路交界处（广佛地铁1号线普君北路站C/D/E出口）,别墅户型(3),暂无数据,暂无数据,"住宅:2.2,别墅:2.2",在建中，竣工时间：2019-12-30,住宅:高层 别墅:双拼别墅 叠加别墅,330000m²,佛山源康房地产发展有限公司,碧桂园集团,别墅 150万（首付比例：30%),2018-09-15,楼高31-33层，2梯4户、2梯6户设计,[禅城-祖庙]兆祥路与市东下路交界处（广佛地铁1号线普君北路站C/D/E出口）,别墅500万元/套起,住宅:2.85元/平米/月,广东碧桂园物业服务有限公司,暂无数据,28%,暂无数据,1600户,1650个,1：1,在售
124,美的鹭湖森林度假区,"['今年交房', '低单价', '项目在建', '大型社区', '旅游地产', '南北通透', '大户型', '小户型', '大阳台', '双阳台']",2020-03-30,住宅 70年 别墅 70年 商业 40年,暂无数据,2534344m²,"住宅8700元/㎡, 别墅18000元/㎡, 商业待定",佛山市高明区杨和镇大沙水库,1室户型(1)，2室户型(1)，别墅户型(4),暂无数据,暂无数据,"住宅:0.55,别墅:0.55,商业:0.55",在建中，竣工时间：2019-01-01,住宅:高层 别墅:独栋别墅 联排别墅 双拼别墅 商业 高层,1774851m²,佛山市皇朝房地产发展有限公司,佛山市皇朝房地产发展有限公司,住宅 19.8万（首付比例：30%)，别墅 70.5万（首付比例：30%),2018-08-04,别墅：3-4层；洋房26层1梯6户；公寓26层1梯21户。,[高明-杨和]高明大道中218号,"住宅66-100万元/套, 别墅235-477万元/套",住宅:2.75元/平米/月 别墅:1.8元/平米/月 商业:2.75元/平米/月,佛山市美的物业管理有限公司高明分公司,暂无数据,40%,暂无数据,2683户,9000个,1:3.4,在售
125,美的花湾城,"['今年交房', '项目在建', '装修交付', '品牌开发商', '大型社区', '人车分流', '学校', '厨卫全明', '大户型', '双卫生间']",2019-12-30,住宅 70年,暂无数据,100000m²,住宅22000元/㎡(单价范围 20000-23000元/㎡),佛山市顺德区陈村花卉世界旁 佛山市顺德区陈村佛陈路北梁钊林小学旁,3室户型(9)，4室户型(4),暂无数据,暂无数据,住宅:3,在建中，竣工时间：2018-06-30,住宅:高层,380000m²,佛山市顺德区绀恒美的房产有限公司,佛山市顺德区绀恒美的房产有限公司,住宅 60.6万（首付比例：30%),2018-09-30,楼高33层,[顺德-陈村]佛陈路88号,住宅202-326万元/套,住宅:2.8元/平米/月,美的物业管理有限公司,暂无数据,35%,暂无数据,3000户,3000个,1:1,在售
126,中旅银湾花园,"['低单价', '项目在建', '大型社区', '车位充足', '人车分流', '厨卫全明', '大户型', '大阳台', '双阳台', '今年交房']",2019-12-31,住宅 70年,暂无数据,106666m²,住宅8500元/㎡,南海区西樵西岸东西大道与凰岗大道交汇处(西岸水上乐园对面),3室户型(6)，4室户型(1),暂无数据,500,住宅:2.8,在建中，竣工时间：2018-06-30,住宅:高层,402535m²,广东中旅（南海）置业有限公司,广东中旅（南海）置业有限公司,住宅 30.6万（首付比例：30%),2017-08-25,项目由22栋16至32层的洋房、1栋公寓，14栋独栋别墅、17座联排别墅组成。,[南海-西樵]西岸大道,住宅102-144万元/套,住宅:1.98元/平米/月,广东宏德科技物业有限公司,暂无数据,30%,暂无数据,1681户,500个,1:0.3,在售
127,恒大金名都,"['恒大大优惠', '大平层', '品牌开发商', '厨卫全明', '大阳台', '双卫生间', '全景飘窗', '大户型', '今年交房', '项目在建']",具体交楼时间待定,住宅 70年,暂无数据,171868m²,住宅28000元/㎡(单价范围 28000-29000元/㎡),佛山市南海区里水金沙洲彩滨北路体育公园前行100米（浔峰山森林公园内）,3室户型(6)，4室户型(1),暂无数据,暂无数据,住宅:5.01,在建中，竣工时间：2018-12-30,住宅:小高层 高层,861897m²,暂无数据,恒大地产集团有限公司,住宅 76.2万（首付比例：30%),2018-09-08,11层、26层、45层,[南海-里水]里广路6-8号,住宅254-498万元/套,住宅:2.5元/平米/月,广州锦日物业服务有限公司,暂无数据,42%,暂无数据,6752户,4372个,1:0.6,在售
128,雍翠新城,"['低单价', '项目在建', '装修交付', '大型社区', '车位充足', '学校', '银行', '便利店', '厨卫全明', '大户型']",2019-12-30,住宅 70年,暂无数据,300000m²,住宅10000元/㎡,三水区乐平中心小学旁,2室户型(1)，3室户型(3)，4室户型(2),暂无数据,500,住宅:1.2,在建中，竣工时间：2019-01-30,住宅:小高层 高层,370000m²,佛山市三水钜隆房产有限公司,佛山市三水钜隆房产有限公司,住宅 13.5万（首付比例：30%),2018-10-20,板楼，低层,[三水-乐平]乐南路3号,住宅45-130万元/套,住宅:1.8元/平米/月,佛山市钜隆物业管理有限公司,暂无数据,35%,暂无数据,2074户 (总共 2000 户 当期 1000 户),500个,1:0.2,在售
129,宏宇天御江畔,"['项目在建', '装修交付', '品牌开发商', '大型社区', '车位充足', '人车分流', '学校', '大户型', '双卫生间', '主卧套房']",2020-06-30,住宅 70年,暂无数据,180000m²,住宅20000元/㎡,佛山里水镇沙涌社区居民委员会上沙涌路37号 佛山市南海区里水镇上沙涌路37号 佛山里水广佛高速沙涌出口上沙路,3室户型(2)，4室户型(2),暂无数据,500,住宅:3.97,在建中，竣工时间：2019-06-30,住宅:小高层 高层,730000m²,上港投资有限公司,佛山市上港投资有限公司,住宅 53.4万（首付比例：30%),2018-08-23,18栋住宅，楼高37-40层 。,[南海-里水]上沙路37号,住宅178-344万元/套,住宅:2.8元/平米/月,宏景物业,暂无数据,30%,暂无数据,4967户,500个,1:0.1,在售
130,瑞日天下花园,"['低单价', '项目在建', '车位充足', '人车分流', '购物中心', '商业街', '学校', '银行', '便利店', '配套纯熟']",预计2019年底交楼,住宅 70年,暂无数据,53621m²,住宅8600元/㎡,佛山市高明区荷城街道碧桂路98号,3室户型(3)，4室户型(2),暂无数据,暂无数据,住宅:2.2,在建中，竣工时间：2019-02-28,住宅:高层,190000m²,佛山市雅域房地产有限公司,暂无数据,住宅 24.6万（首付比例：30%),2018-12-01,高层,[高明-荷城]碧桂路98号,住宅82-110万元/套,住宅:1.98元/平米/月,佛山市丰成物业服务有限公司,暂无数据,33%,暂无数据,1300户,1200个,1:0.9,在售
131,滨江首府,"['项目在建', '装修交付', '品牌开发商', '人车分流', '商业街', '便利店', '厨卫全明', '大阳台', '双卫生间', '大户型']",2020-12-31,住宅 70年,暂无数据,72900m²,住宅18500元/㎡(单价范围 18000-19000元/㎡),佛山市禅城区海五路北侧、汾江路西侧,3室户型(4)，4室户型(2),暂无数据,暂无数据,住宅:3.5,在建中，竣工时间：2019-11-30,住宅:高层,270000m²,佛山市融鸿房地产有限公司,融创中国,住宅 48.6万（首付比例：30%),2018-11-10,21和22层,[禅城-祖庙]海五路北侧、汾江路西侧,住宅162-239万元/套,住宅:2.8元/平米/月,融创物业服务集团有限公司,暂无数据,30%,暂无数据,暂无数据,暂无数据,暂无数据,在售
132,海骏达康格斯,"['项目在建', '大型社区', '车位充足', '人车分流', '学校', '银行', '便利店', '厨卫全明', '大户型', '双卫生间']",预计2020年年中交房,住宅 70年,暂无数据,64713m²,住宅14500元/㎡,佛山市顺德区大良105国道大良路段（大良古楼旁）,3室户型(6)，4室户型(1),暂无数据,暂无数据,住宅:2.25,在建中，竣工时间：1901-12-14,住宅:小高层 高层,260040m²,广东海骏达置业投资集团有限公司,广东海骏达置业投资集团有限公司,住宅 38.1万（首付比例：30%),2018-11-03,独栋别墅，联排，叠加，18层高，2梯6户设计,[顺德-大良]105国道,住宅127-217万元/套,住宅:1.8元/平米/月,广东金诺物业管理服务有限公司,暂无数据,40%,暂无数据,1772户,1618个,1:0.9,在售
133,绿地·拾野川,"['项目在建', '装修交付', '品牌开发商', '低容积', '大型社区', '旅游地产', '大阳台', '小户型', '热销盘', '低单价']",2020-12-31,住宅 70年 别墅 70年,暂无数据,783866m²,"别墅20000元/㎡, 住宅9000元/㎡",佛山市高明区更合镇金谷朗公交站旁,1室户型(1)，别墅户型(1),暂无数据,暂无数据,"住宅:1.2,别墅:0.25",在建中，竣工时间：2019-06-30,住宅:高层 别墅:叠加别墅,479398m²,佛山市鸿亿置业投资有限公司,绿地集团,住宅 13.5万（首付比例：30%)，别墅 57万（首付比例：30%),2018-09-08,楼高34层，2梯13户设计,[高明-更合]更合镇金谷朗公交站旁,"别墅190-310万元/套, 住宅45-72万元/套",住宅:3.5元/平米/月 别墅:3.5元/平米/月,上海绿地物业服务有限公司,暂无数据,35%,暂无数据,2401户 (一期户数),暂无数据,暂无数据,在售
134,浅水湾,"['低单价', '项目在建', '装修交付', '品牌开发商', '人车分流', '银行', '便利店', '厨卫全明', '大户型', '双卫生间']",交房待定,住宅 70年,暂无数据,36800m²,住宅13000元/㎡,佛山三水区三水新城映海路三江水韵公园旁,3室户型(3)，4室户型(5)，5室户型(1),暂无数据,暂无数据,住宅:2.5,在建中，竣工时间：暂无数据,住宅:高层,126747m²,佛山市三水融佳房地产开发有限公司,暂无数据,住宅 40.8万（首付比例：30%),2018-11-01,7栋高层住宅,[三水-三水新城]映海路三江水韵公园旁,住宅136-284万元/套,住宅:2.28元/平米/月,碧桂园物业,暂无数据,30%,暂无数据,609户,暂无数据,暂无数据,在售
135,合景天銮,"['今年交房', '项目在建', '装修交付', '大型社区', '购物中心', '厨卫全明', '大户型', '双卫生间']",2021-12-31,住宅 70年,暂无数据,92319m²,住宅24000元/㎡(单价范围 24000-25000元/㎡),佛山市顺德区北滘镇木华路与人昌路交界,3室户型(1)，4室户型(7),暂无数据,暂无数据,住宅:3.3,在建中，竣工时间：2018-06-30,住宅:高层,426334m²,佛山泓升置业有限公司,佛山泓升置业有限公司,住宅 61.2万（首付比例：30%),2019-04-06,小区共18栋住宅；高层31~32层（包括首层架空层）,[顺德-北滘]木华路2号,住宅204-470万元/套,住宅:4.3元/平米/月,宁骏物业,暂无数据,30%,暂无数据,2263户 (南区总户数1237户，北区总户数1026户),3285个,1:1.5,在售
136,美的明湖花园,"['低单价', '项目在建', '装修交付', '品牌开发商', '大型社区', '车位充足', '便利店', '厨卫全明', '大户型', '双卫生间']",2019-12-30,住宅 70年 别墅 70年,暂无数据,122000m²,"住宅12000元/㎡, 别墅待定",佛山市高明区西江新城明湖公园旁,3室户型(3)，4室户型(2)，别墅户型(1),暂无数据,800,"住宅:3.2,别墅:3.2",在建中，竣工时间：2017-03-30,住宅:小高层 高层 别墅:联排别墅 双拼别墅,500000m²,佛山市高明区新江房地产发展有限公司,佛山市高明区新江房地产发展有限公司,住宅 25.2万（首付比例：20%),2018-09-22,楼高32层,[高明-荷城]荷富大道,住宅126-170万元/套,住宅:2.45元/平米/月,美的物业管理有限公司,暂无数据,35%,暂无数据,1669户,800个,1:0.5,在售
137,佛山恒大御澜庭,"['恒大大优惠', '低单价', '项目在建', '装修交付', '品牌开发商', '大型社区', '车位充足', '旅游地产', '厨卫全明', '大户型']",2020-05-30,住宅 70年,暂无数据,95400m²,住宅9800元/㎡(单价范围 9500-11000元/㎡),佛山市三水区大塘镇新城区永泰路旁,3室户型(8)，4室户型(3),暂无数据,暂无数据,住宅:2.5,在建中，竣工时间：2019-12-31,住宅:高层,309200m²,佛山恒曜盛房地产开发有限公司,恒大集团,住宅 23.7万（首付比例：30%),2018-09-25,16栋（共20单元）26-32层的高层住宅建筑,[三水-大塘]新城区永泰路旁,住宅79-146万元/套,住宅:2.28元/平米/月,金碧物业,暂无数据,35%,暂无数据,2250户,1748个,1:0.8,在售
138,敏捷畔海御峰,"['今年交房', '项目在建', '品牌开发商', '大型社区', '车位充足', '人车分流', '学校', '厨卫全明', '大户型', '双卫生间']",2019-12-30,住宅 70年,暂无数据,500000m²,住宅22000元/㎡(单价范围 21000-22000元/㎡),顺德大良云近东区锦上路顺峰小学旁,3室户型(6)，4室户型(1),230,500,住宅:3,在建中，竣工时间：2016-11-30,住宅:高层,135000m²,佛山市敏捷房地产开发有限公司,敏捷地产,住宅 93万（首付比例：30%),2018-08-03,项目总占地逾13.5万㎡，将打造成为总建筑面积约50万㎡的山水居住型大盘：其中A区占地4.8万㎡，规划为总建面约20万㎡的6栋高层山河景观洋房、约4000㎡的社区风情商业街和近10000㎡的五星私家会所。B区占地7.5万㎡，规划为多栋高层阔景洋房。C区占地1.2万㎡拟建市政规划路。,[顺德-大良]云阳路,住宅310-341万元/套,住宅:3元/平米/月,广州完全物业,暂无数据,30%,暂无数据,1515户,500个(:2248个（地上230个+地下2018）),1:0.3,在售
139,美的西江府,"['低单价', '项目在建', '装修交付', '品牌开发商', '大型社区', '车位充足', '人车分流', '厨卫全明', '大户型', '双卫生间']",2020-06-30,住宅 70年,暂无数据,98000m²,住宅13600元/㎡,佛山市顺德区龙江镇左滩甘竹大道48号（新世纪乐园旁）,3室户型(1)，4室户型(3),暂无数据,暂无数据,住宅:2.5,在建中，竣工时间：2019-03-31,住宅:高层,330000m²,佛山市顺德区天美房产有限公司,美的地产,住宅 36.6万（首付比例：30%),2018-09-08,高层,[顺德-龙江]左滩甘竹大道48号（新世纪乐园旁）,住宅122-194万元/套,住宅:3元/平米/月,美的物业管理有限公司,暂无数据,35%,暂无数据,2113户,2149个,1:0.8,在售
140,凯蓝滨江时光,"['项目在建', '装修交付', '人车分流', '购物中心', '医院', '银行', '便利店', '配套纯熟', '双卫生间', '主卧套房']",2019-12-30,住宅 70年,暂无数据,16544m²,住宅19000元/㎡(单价范围 16000-19000元/㎡),佛山市顺德区容桂街道街道办事处东堤路以南、兴隆路以东,3室户型(1)，4室户型(7),暂无数据,暂无数据,住宅:3.6,在建中，竣工时间：2018-12-31,住宅:高层,78405m²,佛山凯蓝置业有限公司,佛山凯蓝置业有限公司,住宅 38.7万（首付比例：30%),2017-08-19,33-34层,[顺德-容桂]东堤路,住宅129-186万元/套,住宅:2.39元/平米/月,广州市萨弗物业管理有限公司（佛山分公司）,暂无数据,30%,暂无数据,656户,686个,1:1,在售
141,光明花半里,"['项目在建', '装修交付', '大型社区', '车位充足', '购物中心', '公园', '学校', '便利店', '配套纯熟', '厨卫全明']",2020-12-31,住宅 70年,暂无数据,24000m²,住宅15500元/㎡,南海区狮山镇罗村大道南1号,3室户型(6)，4室户型(3),暂无数据,暂无数据,住宅:3.1,在建中，竣工时间：2020-12-31,住宅:小高层 高层,100000m²,佛山市鼎隆基投资发展有限公司,佛山市鼎隆基投资发展有限公司,住宅 39.9万（首付比例：30%),2018-06-16,小高层,[南海-狮山]罗村大道,住宅133-248万元/套,住宅:2.2元/平米/月,豪兴物业,暂无数据,30%,暂无数据,2100户,840个,1:0.4,在售
142,中恒海晖城,"['项目在建', '装修交付', '大型社区', '车位充足', '银行', '厨卫全明', '大户型', '双卫生间', '双阳台', '主卧套房']",2019-10-30,住宅 70年,暂无数据,350000m²,住宅16000元/㎡,佛山市南海区狮山镇桂丹路99号(中恒酒店旁),3室户型(6)，4室户型(6),暂无数据,暂无数据,住宅:2.4,在建中，竣工时间：2017-03-30,住宅:高层,1000000m²,佛山市中南恒展房地产有限公司,中南恒展集团,住宅 51.6万（首付比例：30%),2018-06-27,项目总共一期开发，共22栋中高层洋房，其中有4栋17层及18栋11层组成，户型面积50-140㎡，合计870套。,[南海-狮山]桂丹路,住宅172-232万元/套,住宅:2.45元/平米/月,中恒酒店物业管理公司,暂无数据,30%,暂无数据,6201户,1300个,1:0.2,在售
143,东建锦绣龙湾,"['今年交房', '低单价', '项目在建', '装修交付', '大型社区', '人车分流', '便利店', '南北通透', '厨卫全明', '大户型']",2019-06-30,住宅 70年,暂无数据,83000m²,住宅13000元/㎡(单价范围 12000-14000元/㎡),佛山市南海区西樵镇樵高路3号（江滨花园旁）,3室户型(2)，4室户型(4)，5室户型(1),暂无数据,3000,住宅:2.5,在建中，竣工时间：2018-06-30,住宅:小高层 高层,315958m²,佛山市东建集团有限公司,佛山市东建集团有限公司,住宅 45万（首付比例：30%),2018-03-16,30-32层,[南海-西樵]碧霞一路,住宅150-260万元/套,住宅:2元/平米/月,豪信物业,暂无数据,30%,暂无数据,2387户,3000个,1:1.3,在售
144,时代家,"['项目在建', '装修交付', '品牌开发商', '人车分流', '购物中心', '商业街', '便利店', '厨卫全明', '大阳台', '双卫生间']",2019-08-30,住宅 70年 商业 40年,暂无数据,40793m²,"住宅22000元/㎡, 商业待定",佛山里水大道中56号（万利广场旁）,3室户型(2)，4室户型(2),暂无数据,暂无数据,住宅:3.3,在建中，竣工时间：2017-05-01,住宅:高层 商业 高层,181658m²,佛山市时代天宇房地产开发有限公司,时代地产,住宅 49.2万（首付比例：30%),2018-04-30,高层,[南海-里水]里水大道中56号,住宅164-256万元/套,住宅:2.9元/平米/月,时代地产物业,暂无数据,30%,暂无数据,1086户,1137个,1:1,在售
145,藏珑华府,"['项目在建', '装修交付', '大型社区', '车位充足', '人车分流', '厨卫全明', '大户型', '双卫生间', '双阳台', '今年交房']",2020-07-30,住宅 70年,暂无数据,202600m²,住宅21000元/㎡(单价范围 21000-23500元/㎡),佛山市顺德区广珠西线石洲出口西侧800米（国通总部旁）,3室户型(7)，4室户型(4),暂无数据,1200,住宅:2.87,在建中，竣工时间：2018-07-31,住宅:高层,800000m²,广东宏泰国通地产有限公司,广东国兴房地产开发有限公司,住宅 62.1万（首付比例：30%),2017-09-10,楼高31层，2梯4户设计,[顺德-陈村]伟业大道,住宅207-293万元/套,住宅:3元/平米/月,国瑞物业,暂无数据,35%,暂无数据,3812户,3050个,1:0.8,在售
146,悦珑湖,"['低单价', '项目在建', '装修交付', '大型社区', '车位充足', '人车分流', '学校', '厨卫全明', '大户型', '双卫生间']",2018-12-30,住宅 70年,暂无数据,76791m²,住宅14000元/㎡(单价范围 12500-14000元/㎡),佛山市南海区西樵镇碧霞三路2号,3室户型(4)，4室户型(2),暂无数据,800,住宅:3.2,在建中，竣工时间：2018-10-31,住宅:小高层 高层,357022m²,佛山市丰鼎盛地产开发有限公司,佛山市丰鼎盛地产开发有限公司,住宅 39.9万（首付比例：30%),2017-10-01,楼高32层，2梯5户设计,[南海-西樵]崇民西路,住宅133-198万元/套,住宅:2.1元/平米/月,佛山市嘉豪物业管理有限公司,暂无数据,30%,暂无数据,2100户,800个(车位共2500个),1:0.4,在售
147,童梦天下,"['项目在建', '大型社区', '购物中心', '便利店', '复式', '大户型', '双卫生间', '主卧套房', '人气楼盘']",预计2021年交楼,住宅 70年 商业 40年,暂无数据,50074m²,"商业16000元/㎡(单价范围 14000-16000元/㎡), 住宅待定",禅城区季华一路29号北侧,3室户型(6)，4室户型(2)，商业户型(5),285,2994,"住宅:4.12,商业:4.12",在建中，竣工时间：2019-11-30,住宅:小高层 高层 商业 高层,300000m²,佛山市莲塘房地产开发有限公司,佛山市莲塘房地产开发有限公司,商业 29万（首付比例：50%),2018-10-01,"住宅T5,T6，2梯5户，T7 两梯六户；公寓T2 4梯22户，T1,T2,T3 3梯17户。",[禅城-南庄]季华二路,商业58-105万元/套,住宅:2.8元/平米/月 商业:4.3元/平米/月,佛山市东业物业管理有限公司,暂无数据,25%,暂无数据,2500户,3279个,1:1.3,在售
148,和丰颖苑,"['低单价', '项目在建', '装修交付', '车位充足', '旅游地产', '公园', '厨卫全明', '大户型', '小户型', '双卫生间']",2019-12-30,住宅 70年,暂无数据,65000m²,住宅11500元/㎡(单价范围 11500-12000元/㎡),南海区丹灶镇仙湖度假区,2室户型(1)，3室户型(4)，4室户型(2)，5室户型(2),暂无数据,500,住宅:1.2,在建中，竣工时间：2017-12-30,住宅:多层 小高层 高层,118000m²,和丰颖苑房地产开发有限公司,和丰置业（佛山）有限公司,住宅 9.2万（首付比例：20%),2017-11-11,多层 小高层,[南海-丹灶]养生路,住宅46-152万元/套,住宅:2.5元/平米/月,和丰物业,暂无数据,35%,暂无数据,900户,500个,1:0.6,在售
149,中海雍景熙岸,"['项目在建', '装修交付', '大平层', '车位充足', '南北通透', '三房朝南', '厨卫全明', '大户型', '大阳台', '低单价']",预计2020年交房,住宅 70年,暂无数据,63000m²,住宅13500元/㎡,佛山市顺德区均安镇百安北路30号,3室户型(2)，4室户型(2),暂无数据,暂无数据,住宅:3.5,在建中，竣工时间：2019-12-30,住宅:小高层 高层,250000m²,中海地产（佛山）有限公司,暂无数据,住宅 35.4万（首付比例：30%),2018-07-29,39层超高层，15层高层,[顺德-均安]百安北路30号,住宅118-191万元/套,住宅:2.95元/平米/月,中海物业,暂无数据,30%,暂无数据,1500户,1300个,1:0.9,在售
150,中海万锦世家,"['项目在建', '装修交付', '品牌开发商', '人车分流', '购物中心', '商业街', '学校', '便利店', '配套纯熟', '厨卫全明']",2019-12-30,住宅 70年,暂无数据,24000m²,住宅17500元/㎡(单价范围 16500-18500元/㎡),佛山南海狮山官窑瑶平路,3室户型(2)，4室户型(1),暂无数据,600,住宅:2.8,在建中，竣工时间：2019-03-30,住宅:高层,96000m²,佛山海创房地产开发有限公司,暂无数据,住宅 49.5万（首付比例：30%),2018-05-20,6栋26层住宅，其中1#、2#、6#、7#栋住宅首层为商业,[南海-狮山]官窑瑶平路,住宅165-259万元/套,住宅:3元/平米/月,中海物业,暂无数据,31%,暂无数据,586户,600个,1:1,在售
151,北大资源颐和博雅,"['低单价', '项目在建', '装修交付', '品牌开发商', '高绿化率', '大型社区', '人车分流', '公园', '大户型']",2020-06-30,住宅 70年,暂无数据,76150m²,住宅9500元/㎡(单价范围 9500-9900元/㎡),佛山市三水区西南街道文锋西路花果山,3室户型(1)，4室户型(1),暂无数据,暂无数据,住宅:3.81,在建中，竣工时间：2019-11-30,住宅:高层,363305m²,暂无数据,暂无数据,住宅 31.8万（首付比例：30%),2018-11-24,32-45层,[三水-西南]文锋西路花果山,住宅106-143万元/套,住宅:2.28元/平米/月,北京北大资源物业经营管理有限公司佛山分公司,暂无数据,50%,暂无数据,2170户,2796个,1:1.28,在售
152,天晟海琴湾,"['独栋别墅', '双拼别墅', '花园洋房', '低单价', '江景地产', '改善置业', '车位充足', '学校', '厨卫全明', '大户型']",2016-12-01,住宅 70年 别墅 70年,暂无数据,36000m²,"住宅12000元/㎡, 别墅21000元/㎡",南海丹灶镇金沙天晟海琴湾(金沙大桥附近),3室户型(2)，4室户型(4),暂无数据,400,"住宅:0.73,别墅:0.73",已竣工，交房时间：2014-05-01,住宅:高层 别墅:独栋别墅 双拼别墅,300000m²,佛山市南海天晟地产有限公司,佛山市南海天晟地产有限公司,住宅 35.4万（首付比例：20%)，别墅 109.2万（首付比例：20%),2015-10-01,独栋别墅 双拼 高层,[南海-丹灶]明沙中路,"住宅177-231万元/套, 别墅546-1707万元/套",住宅:2.3元/平米/月 别墅:3.2元/平米/月,佛山兴兆物业管理有限公司,暂无数据,45%,暂无数据,1000户,509个,1:0.5,在售
153,中粮珑湾祥云,"['项目在建', '装修交付', '人车分流', '公园', '南北通透', '厨卫全明', '双卫生间', '双阳台', '主卧套房', '热评楼盘']",预计2021年交房,住宅 70年,暂无数据,22854m²,住宅24000元/㎡(单价范围 23000-25000元/㎡),佛山市禅城区华祥路12号,3室户型(1)，4室户型(2),暂无数据,暂无数据,住宅:3.5,在建中，竣工时间：2020-12-31,住宅:高层,79990m²,佛山市淦盈置业有限公司,暂无数据,住宅 66万（首付比例：30%),2019-01-19,楼高29-32层,[禅城-奇槎]华祥路12号,住宅220-335万元/套,住宅:2.7元/平米/月,中粮地产集团深圳物业管理有限公司,暂无数据,30%,暂无数据,656户,760个,1:1.5,在售
154,碧桂园美的水木清华,"['项目在建', '装修交付', '品牌开发商', '车位充足', '人车分流', '学校', '厨卫全明', '大户型', '双卫生间', '主卧套房']",预计2020年2月21日前交房,住宅 70年,暂无数据,20000m²,住宅12500元/㎡(单价范围 12000-13000元/㎡),顺德杏坛镇新齐宁路与古海路的交界处（英杰思幼儿园、昌教小学旁）,3室户型(1)，4室户型(2),暂无数据,暂无数据,住宅:2.5,在建中，竣工时间：2019-10-30,住宅:高层,51000m²,佛山市顺德区美智房产有限公司,暂无数据,住宅 32.4万（首付比例：30%),2018-07-28,楼高20层，2梯6户设计,[顺德-杏坛]新齐宁路与古海路的交界处（英杰思幼儿园、昌教小学旁）,住宅108-150万元/套,住宅:2.98元/平米/月,碧桂园物业,暂无数据,30%,暂无数据,500户,暂无数据,1:0.83,在售
155,保利玥府,"['项目在建', '装修交付', '品牌开发商', '大型社区', '人车分流', '南北通透', '厨卫全明', '大阳台', '双卫生间', '双阳台']",2020-09-30,住宅 70年,暂无数据,69000m²,住宅12000元/㎡(单价范围 11000-12000元/㎡),佛山市高明区西江新城丽景东路保利玥府售楼部,3室户型(1)，4室户型(3),暂无数据,暂无数据,住宅:2.8,在建中，竣工时间：2020-06-30,住宅:高层,260500m²,佛山市骏隆房地产有限公司,暂无数据,住宅 34.5万（首付比例：30%),2018-10-26,高层,[高明-荷城]西江新城丽景东路与荷富大道交汇处（高明体育中心旁）,住宅115-168万元/套,住宅:2.47元/平米/月,保利物业,暂无数据,30%,暂无数据,1656户,2103个,1:1.3,在售
156,美的峯境,"['低单价', '项目在建', '装修交付', '人车分流', '厨卫全明', '大户型', '双卫生间']",预计2021年年中1座交楼,住宅 70年,暂无数据,23000m²,住宅10000元/㎡,三水区白坭镇科技大道5号,3室户型(1)，4室户型(1),388,37,住宅:2.3,在建中，竣工时间：2019-12-31,住宅:高层,68000m²,佛山市三水区美诺房地产开发有限公司,美的地产,住宅 28.5万（首付比例：30%),2018-09-22,楼高25-26层,[三水-白坭]科技大道5号,住宅95-128万元/套,住宅:2.28元/平米/月,美的物业管理有限公司,暂无数据,35%,暂无数据,492户,425个,1：0.8,在售
157,万科尚都荟,"['今年交房', '项目在建', '装修交付', '车位充足', '人车分流', '购物中心', '商业街', '银行', '厨卫全明', '复式']",预计2019年12月交房,住宅 70年 商业 40年,暂无数据,13717m²,"商业18000元/㎡, 住宅待定",佛山市南海区桂城街道桂澜路与季华路交界鹏瑞利广场对面,3室户型(2)，商业户型(1),暂无数据,暂无数据,"住宅:5.2,商业:5.2",在建中，竣工时间：2019-02-28,住宅:小高层 高层 商业 小高层 高层,82573m²,万柏房地产有限公司,暂无数据,暂无数据 [房贷计算器],2018-06-30,1座共28层，2座27层,[南海-桂城]季华路商务区与桂澜路千米长廊板块,商业106万元/套,住宅:2.85元/平米/月 商业:3.5元/平米/月,佛山万科物业有限公司,暂无数据,25%,暂无数据,965户 (住宅：96套 公寓：872套),353个(配置标准住宅1个/100㎡，办公及商业0.5个/100㎡),1:0.36,在售
158,广乐颐景园,"['低单价', '项目在建', '装修交付', '车位充足', '人车分流', '学校', '银行', '南北通透', '厨卫全明', '大户型']",2019-12-31,住宅 70年,暂无数据,30000m²,住宅9500元/㎡,三水区乐平镇礼仪大道111号,3室户型(2)，4室户型(1),暂无数据,暂无数据,住宅:3,在建中，竣工时间：2019-06-30,住宅:高层,90000m²,佛山茂国房地产有限公司,暂无数据,住宅 27万（首付比例：30%),2018-10-13,32层,[三水-乐平]礼仪大道111号,住宅90-109万元/套,住宅:2.28元/平米/月,浙江颐景园物业服务有限公司,暂无数据,30%,暂无数据,836户,暂无数据,1:0.8,在售
159,美的领贤公馆,"['今年交房', '项目在建', '装修交付', '品牌开发商', '大型社区', '车位充足', '人车分流', '厨卫全明', '双卫生间', '主卧套房']",2020-06-30,住宅 70年,暂无数据,51836m²,住宅24500元/㎡(单价范围 24000-25000元/㎡),佛山市顺德区北滘镇美的大道和土荫路交界处,3室户型(3),暂无数据,暂无数据,住宅:3.5,在建中，竣工时间：2018-08-30,住宅:高层,251467m²,暂无数据,美的地产,住宅 63.9万（首付比例：30%),2018-07-21,32-34层,[顺德-北滘]美的大道,住宅213-222万元/套,住宅:2.8元/平米/月,美的物业,暂无数据,35%,暂无数据,2016户,1695个,1:0.8,在售
160,恒大滨江御府,"['恒大大优惠', '项目在建', '装修交付', '品牌开发商', '人车分流', '学校', '银行', '大户型', '今年交房', '低单价']",2020-06-30,住宅 70年,暂无数据,29000m²,住宅13000元/㎡(单价范围 12000-14000元/㎡),佛山市南海区九江镇江滨新区儒林中学旁（江滨路和江滨八路交汇处）,3室户型(1)，4室户型(4),暂无数据,暂无数据,住宅:2.5,在建中，竣工时间：2019-06-30,住宅:高层,72000m²,佛山市南海南力房地产开发有限公司,恒大集团,住宅 38.1万（首付比例：30%),2018-08-05,31层,[南海-九江]江滨新区儒林中学旁（江滨路和江滨八路交汇处）,住宅127-291万元/套,住宅:3.04元/平米/月,金碧物业集团有限公司,暂无数据,35%,暂无数据,551户,728个,1：1.2,在售
161,万科城市之光,"['今年交房', '项目在建', '装修交付', '品牌开发商', '高绿化率', '大型社区', '车位充足', '人车分流', '学校', '便利店']",2019-05-30,住宅 70年,暂无数据,72711m²,住宅16000元/㎡,佛山市南海区狮山镇光明新城罗村大道中（长信银湾北侧）,3室户型(2)，4室户型(1),暂无数据,400,住宅:2.5,在建中，竣工时间：2018-06-30,住宅:高层,228312m²,融粤房地产开发有限公司,佛山市南海区融粤房地产有限公司,住宅 42.6万（首付比例：30%),2018-04-14,20层,[南海-狮山]罗村大道中,住宅142-145万元/套,住宅:2.85元/平米/月,万科物业,暂无数据,35%,暂无数据,551户,400个,1:0.2,在售
162,中海云麓公馆,"['项目在建', '装修交付', '品牌开发商', '大型社区', '银行', '南北通透', '厨卫全明', '大阳台', '双卫生间', '双阳台']",预计2021年交房,住宅 70年,暂无数据,149000m²,住宅20000元/㎡(单价范围 19000-21000元/㎡),佛山顺德·龙江之心·城区中心小学对面,3室户型(1)，4室户型(3),暂无数据,暂无数据,住宅:3,在建中，竣工时间：2019-12-31,住宅:高层,300000m²,佛山市顺德嘉润房地产开发有限公司,暂无数据,住宅 72.6万（首付比例：30%),2018-12-29,项目由32栋住宅组成，1~4栋为高层，5~32栋为小高层,[顺德-龙江]龙江北华路与东华路交汇处,住宅242-378万元/套,住宅:3元/平米/月,中海物业,暂无数据,25%,暂无数据,1700户,1737个,1:1,在售
163,恒晖星河雅居,"['低单价', '项目在建', '车位充足', '人车分流', '公园', '银行', '便利店', '全朝南', '厨卫全明', '双卫生间']",2020-10-31,住宅 70年,暂无数据,38740m²,住宅7800元/㎡,佛山市高明区荷城明理路2号（汽车客运站对面）,3室户型(2),暂无数据,暂无数据,住宅:2.5,在建中，竣工时间：2019-12-31,住宅:小高层 高层,126512m²,佛山市高明百代恒晖房地产开发有限公司,广东恒升建筑集团有限公司,住宅 22.8万（首付比例：30%),2018-11-17,1-4栋9层高；5-8栋17层高；9栋27层高；10-12栋28层高。,[高明-荷城]明理路2号,住宅76-91万元/套,住宅:3元/平米/月,雅居乐雅生活服务股份有限公司,暂无数据,30%,暂无数据,804户,767个,1:0.9,在售
164,月亮湖颐景园,"['低单价', '项目在建', '装修交付', '大型社区', '车位充足', '人车分流', '购物中心', '厨卫全明', '大户型', '双卫生间']",2020-12-30,住宅 70年,暂无数据,89630m²,住宅8600元/㎡,佛山市三水区大塘镇锦塘路（大塘镇政府东面） 佛山市三水区大塘镇锦塘路东侧,3室户型(4)，4室户型(3),暂无数据,400,住宅:2.6,在建中，竣工时间：2019-12-30,住宅:高层,300000m²,莱福利房地产开发有限公司,佛山市莱福利房地产开发有限公司,住宅 25.2万（首付比例：30%),2018-07-28,高层（22-25），小高层（11），别墅，共30栋11-25层高层，约30套别墅,[三水-大塘]锦塘路,住宅84-119万元/套,住宅:1.5元/平米/月,颐景园物业,暂无数据,40%,暂无数据,2000户,400个,1:0.2,在售
165,海骏达宫馆,"['项目在建', '品牌开发商', '人车分流', '购物中心', '商业街', '公园', '学校', '银行', '便利店', '配套纯熟']",2020-12-31,住宅 70年,暂无数据,65279m²,住宅16500元/㎡(单价范围 16000-17000元/㎡),佛山市顺德区容桂桂洲大道中13号之二,4室户型(4)，5室户型(1),暂无数据,暂无数据,住宅:4.8,在建中，竣工时间：2019-11-30,住宅:高层,505593m²,佛山市顺德区海骏达房地产开发有限公司,暂无数据,住宅 125.7万（首付比例：30%),2017-12-31,写字楼22层；住宅4、5、9栋31层高，6、7、8栋32层高,[顺德-容桂]桂洲大道中13号之二,住宅419-817万元/套,住宅:3.8元/平米/月,金诺物业,暂无数据,15%,暂无数据,324户,1238个,1:3.8,在售
166,创雄华府,"['低单价', '项目在建', '装修交付', '车位充足', '人车分流', '银行', '便利店', '南北通透', '厨卫全明', '双卫生间']",2020-12-31,住宅 70年,暂无数据,15146m²,住宅12000元/㎡(单价范围 11000-13000元/㎡),佛山市三水区西南街道北江新区建设二路,3室户型(7)，4室户型(1),暂无数据,暂无数据,住宅:3,在建中，竣工时间：2019-12-31,住宅:高层,57457m²,佛山市三水创雄华府房地产有限公司,佛山市三水创雄华府房地产有限公司,住宅 33.3万（首付比例：30%),2018-12-08,楼高24层，2梯4户设计,[三水-西南]北江新区建设二路,住宅111-166万元/套,住宅:2.28元/平米/月,佛山市嘉庭物业管理有限公司,暂无数据,31%,暂无数据,362户,341个,1:0.9,在售
167,樵悦名居,"['低单价', '项目在建', '装修交付', '人车分流', '银行', '便利店', '厨卫全明', '双卫生间', '主卧套房']",预计2020年交楼,住宅 70年,暂无数据,17900m²,住宅12000元/㎡,佛山南海区西樵樵金路（西樵客运站旁）,3室户型(2),暂无数据,暂无数据,住宅:3,在建中，竣工时间：2019-07-31,住宅:高层,71600m²,佛山市南海金亚投资发展有限公司,暂无数据,暂无数据 [房贷计算器],2018-12-14,1座/2座/3座共17层、4座/5座/6座共29层,[南海-西樵]樵金路187号(西樵客运站旁),住宅105万元/套,住宅:2.3元/平米/月,佛山市新居业物业管理有限公司,暂无数据,30%,暂无数据,531户,540个,1:1,在售
168,中昂翠屿湖,"['低单价', '项目在建', '装修交付', '品牌开发商', '大型社区', '人车分流', '医院', '厨卫全明', '双卫生间', '双阳台']",2020-09-30,住宅 70年 别墅 70年,暂无数据,110000m²,"住宅9500元/㎡(单价范围 8500-9500元/㎡), 别墅待定",佛山市三水区白坭镇科技大道3号,3室户型(4),暂无数据,暂无数据,"住宅:2.3,别墅:2.3",在建中，竣工时间：2019-02-28,住宅:小高层 高层 别墅:独栋别墅 联排别墅,250000m²,佛山市昂内房地产开发有限公司,北京中昂,住宅 23.1万（首付比例：30%),2018-06-23,32栋，其中1/2/3/10栋为17层高、6栋为32层高。,[三水-白坭]科技大道3号,住宅77-103万元/套,住宅:1.5-2.2元/平米/月,中昂物业管理有限公司,暂无数据,35%,暂无数据,2400户,2400个,1:1,在售
169,祈福南湾半岛,"['低单价', '项目在建', '装修交付', '大平层', '品牌开发商', '大型社区', '车位充足', '学校', '厨卫全明', '大户型']",2017-06-30,住宅 70年 别墅 70年,暂无数据,5333360m²,"住宅11000元/㎡(单价范围 11000-16000元/㎡), 别墅18000元/㎡",佛山南海仙湖度假区桂丹路南海高尔夫球会旁（广州展厅：广州番禺祈福度假俱乐部大堂） 佛山南海区丹灶镇仙湖度假区内,2室户型(1)，3室户型(4)，4室户型(1),暂无数据,暂无数据,"住宅:2.3,别墅:2.3",在建中，竣工时间：2017-03-30,住宅:多层 小高层 花园洋房 别墅:独栋别墅,2750000m²,祈福房地产开发有限公司,佛山市南海祈福房地产有限公司,住宅 17万（首付比例：20%)，别墅 79.2万（首付比例：20%),2016-09-10,6层电梯果岭洋房,[南海-丹灶]祈福大道,"住宅85-283万元/套, 别墅396-1080万元/套",住宅:2.75元/平米/月 别墅:2.8元/平米/月,祈福物业,暂无数据,35%,暂无数据,2400户,500个(停车位:地上停车免费，地下停车每户配送一个免费车位，超过则按150元/月/辆收费),1:0.2,在售
170,中海新城公馆,"['项目在建', '装修交付', '品牌开发商', '车位充足', '人车分流', '银行', '大户型', '双卫生间', '双阳台', '热销盘']",2019-09-30,住宅 70年 别墅 70年,暂无数据,48055m²,住宅16000-19000元/㎡,佛山新城上华大道与环镇西路交汇处,3室户型(6),暂无数据,暂无数据,"住宅:2.3,别墅:2.3",在建中，竣工时间：2018-11-30,住宅:高层,230727m²,佛山市顺德中海嘉和房地产开发有限公司,中海地产,住宅 56.1万（首付比例：30%),2018-05-26,楼高18/32层,[顺德-佛山新城]上华工业大道东,住宅187-267万元/套,住宅:3.5元/平米/月,中海物业,暂无数据,35%,暂无数据,2400户,1308个,1:0.9,在售
171,美的壹号公馆,"['项目在建', '装修交付', '品牌开发商', '人车分流', '购物中心', '公园', '大户型', '今年交房']",2019-09-30,住宅 70年 别墅 70年,暂无数据,27000m²,住宅23000元/㎡(单价范围 22000-24000元/㎡),佛山市顺德区北滘镇木华路与仁昌路交界处壹号公销售中心 佛山市顺德区北滘镇木华路与仁昌路交界处 佛山市顺德区北滘镇仁昌路和木华路交界处美的壹号公馆销售中心,3室户型(3)，4室户型(4),暂无数据,暂无数据,"住宅:2.3,别墅:2.3",在建中，竣工时间：2018-12-30,住宅:高层,68000m²,佛山市顺德区越诚房地产发展有限公司,美的地产集团,住宅 77.7万（首付比例：30%),2018-10-01,共6栋住宅，楼高23-31层,[顺德-北滘]木华路,住宅259-338万元/套,住宅:3元/平米/月,美的物业,暂无数据,35%,暂无数据,2400户,636个,1:1.1,在售
172,恒大龙江翡翠,"['恒大大优惠', '项目在建', '装修交付', '品牌开发商', '人车分流', '购物中心', '医院', '学校', '银行', '便利店']",2019-12-31,住宅 70年 别墅 70年,暂无数据,35243m²,住宅15000元/㎡,佛山市顺德区龙江镇文华路4号,3室户型(7)，4室户型(3),暂无数据,暂无数据,"住宅:2.3,别墅:2.3",在建中，竣工时间：2019-02-28,住宅:高层,152736m²,佛山市顺德区协城房地产有限公司,佛山市顺德区协城房地产有限公司,住宅 40.5万（首付比例：30%),2018-03-10,"18-25层，1栋24层，2/4/6/7栋是25层,8-1栋和8-2栋是23层，3/5栋是18层。综",[顺德-龙江]文华路4号,住宅135-208万元/套,住宅:3.5元/平米/月,金碧物业有限公司,暂无数据,35%,暂无数据,2400户,1364个,1:1.7,在售
173,国华新都,"['项目在建', '大型社区', '车位充足', '购物中心', '商业街', '银行', '便利店', '配套纯熟', '南北通透', '大户型']",2018-12-31,住宅 70年 别墅 70年,暂无数据,120000m²,住宅17000元/㎡,佛山南海广佛路与太平大道交汇处,3室户型(2)，4室户型(5),暂无数据,暂无数据,"住宅:2.3,别墅:2.3",在建中，竣工时间：2016-10-30,住宅:小高层 高层,503823m²,佛山市国华置业有限公司,佛山市国华置业有限公司,住宅 45.3万（首付比例：30%),2017-08-13,楼高17层，2梯4户设计，,[南海-大沥]太平大道,住宅151-338万元/套,住宅:2.6元/平米/月,国瑞物业,暂无数据,35%,暂无数据,2400户,700个,1:0.3,在售
174,凯蓝滨江名门,"['项目在建', '装修交付', '车位充足', '人车分流', '公园', '医院', '学校', '银行', '配套纯熟', '厨卫全明']",2019-01-31,住宅 70年 别墅 70年,暂无数据,20229m²,住宅22000元/㎡(单价范围 20000-22000元/㎡),佛山顺德容桂容山社区东堤路凯蓝·滨江名门售楼部 佛山市顺德区容桂街道办事处容山社区居民委员会东堤路,3室户型(2)，4室户型(4),暂无数据,暂无数据,"住宅:2.3,别墅:2.3",在建中，竣工时间：2017-09-30,住宅:高层,135433m²,佛山顺德凯蓝房地产有限公司,佛山顺德凯蓝房地产有限公司,住宅 36万（首付比例：20%),2017-04-07,佛山凯蓝置业有限公司,[顺德-容桂]昇平东街,住宅180-231万元/套,住宅:2.39元/平米/月,广州市萨弗物业管理有限公司（佛山分公司）,暂无数据,35%,暂无数据,2400户,500个,1:0.5,在售
175,招商·公园1872,"['项目在建', '品牌开发商', '车位充足', '人车分流', '购物中心', '商业街', '医院', '银行', '便利店', '配套纯熟']",2018-09-31,住宅 70年,暂无数据,70000m²,住宅17000元/㎡,顺德新城德胜商务区兴顺路、龙盘西路交汇处,3室户型(1)，4室户型(3)，5室户型(2),暂无数据,300,住宅:3.2,在建中，竣工时间：2016-10-31,住宅:高层,300000m²,招商地产佛山公司,招商地产佛山公司,住宅 71.4万（首付比例：30%),2018-04-28,12栋高层住宅。,[顺德-大良]龙盘西路,住宅238-357万元/套,住宅:3.6元/平米/月,招商局物业有限公司（佛山分公司）,暂无数据,30%,暂无数据,1142户,500个(100㎡面积配套1个车位),1:0.4,在售
176,保利翡翠公馆,"['项目在建', '装修交付', '品牌开发商', '大型社区', '人车分流', '银行', '便利店', '厨卫全明', '大户型', '双卫生间']",2020-12-30,住宅 70年,暂无数据,113481m²,住宅16500元/㎡,禅城区南庄镇科海路与禅港路交汇处,3室户型(1)，4室户型(5),暂无数据,暂无数据,住宅:3,在建中，竣工时间：2018-12-31,住宅:高层,340444m²,暂无数据,保利华南实业有限公司,住宅 58.2万（首付比例：30%),2019-03-30,一期1~3栋，30层2梯4户；4~5栋，29层2梯3户；6~12栋 30层2梯4户,[禅城-南庄]科海路18号,住宅194-310万元/套,住宅:2.4元/平米/月,保利物业发展股份有限公司,暂无数据,35%,暂无数据,2700户,2700个,1:1,在售
177,保利碧桂园悦公馆,"['今年交房', '项目在建', '装修交付', '大平层', '品牌开发商', '大型社区', '车位充足', '人车分流', '学校', '南北通透']",预计2020年8月交房,住宅 70年,暂无数据,145000m²,住宅16500-18000元/㎡,佛山市顺德大良新城区彩虹路与观绿路交界（临近广州番禺）,3室户型(4)，4室户型(4)，5室户型(1),暂无数据,800,住宅:2.44,在建中，竣工时间：2018-03-30,住宅:高层,474000m²,信雅房地产开发有限公司,"保利华南事业有限公司,佛山市顺德区碧桂园地产有限公司",住宅 50.1万（首付比例：30%),2018-08-17,一期C地块由8栋13-32层的建筑组成（3栋13-15层高精装，5栋29-32层高毛坯），主力产品2+1到4房,[顺德-大良]德胜东路,住宅167-234万元/套,住宅:3元/平米/月,保利物业,暂无数据,30%,暂无数据,2700户,800个,1:0.3,在售
178,恒大山水龙盘,"['恒大大优惠', '低单价', '项目在建', '装修交付', '品牌开发商', '大型社区', '人车分流', '厨卫全明', '大户型', '双卫生间']",最新一期单位预计2021年交房,住宅 70年 别墅 70年,暂无数据,1000000m²,"住宅10000元/㎡, 别墅14000元/㎡(单价范围 13000-15000元/㎡)",佛山市三水区桂丹路仙湖度假区正门直行约500米,3室户型(9)，4室户型(1)，5室户型(2),暂无数据,暂无数据,"住宅:0.8,别墅:0.8",在建中，竣工时间：2019-06-30,住宅:高层 别墅:独栋别墅 联排别墅,800000m²,佛山市三水区能润置地房地产开发有限公司,佛山市三水区能润置地房地产开发有限公司,住宅 27万（首付比例：30%)，别墅 108万（首付比例：30%),2018-09-23,高层洋房17-32层；双拼别墅、联排别墅地上2-3层,[三水-白坭]桂丹路仙湖度假区正门直行约500米,"住宅90-161万元/套, 别墅360-415万元/套",住宅:1.5元/平米/月,金碧物业有限公司,暂无数据,19%,暂无数据,5009户,6473个,1:1.3,在售
179,信业阳光城檀悦,"['项目在建', '装修交付', '品牌开发商', '大型社区', '人车分流', '银行', '厨卫全明', '大阳台', '双卫生间', '双阳台']",2021-06-30,住宅 70年,暂无数据,110148m²,住宅18000元/㎡,禅城区季华西路绿岛湖,3室户型(2)，4室户型(1),暂无数据,暂无数据,住宅:2.5,在建中，竣工时间：2020-12-31,住宅:高层,408023m²,佛山信财置业有限公司,阳光城（控股集团）,住宅 48.6万（首付比例：30%),2018-11-30,楼高34层，2梯5户设计,[禅城-南庄]季华西路绿岛湖,住宅162-234万元/套,住宅:3.5元/平米/月,阳光城物业（福建）有限公司佛山分公司,暂无数据,35%,暂无数据,2346户,暂无数据,暂无数据,在售
180,招商曦岸,"['装修交付', '品牌开发商', '今年交房', '项目在建', '大型社区', '人车分流', '便利店', '厨卫全明', '大户型', '双卫生间']",2019-12-30,住宅 70年,暂无数据,68731m²,住宅18500元/㎡,佛山市顺德区陈村镇金錩南路1号,3室户型(3)，4室户型(1),暂无数据,暂无数据,住宅:2.5,在建中，竣工时间：2018-12-31,住宅:高层,230000m²,佛山招商果岭房地产有限公司,暂无数据,住宅 45.3万（首付比例：30%),2018-09-23,楼高28层,[顺德-陈村]仙涌地铁站旁,住宅151-205万元/套,住宅:2.98元/平米/月,招商局物业管理有限公司,暂无数据,35%,暂无数据,1600户,1800个,1:1.3,在售
181,世茂望樾,"['项目在建', '品牌开发商', '厨卫全明', '复式', '大户型', '双卫生间', '主卧套房', '热销盘', '人气楼盘']",预计2021年6月交楼,住宅 70年,暂无数据,34000m²,住宅19500元/㎡(单价范围 18500-19500元/㎡),佛山市禅城区绿岛湖禅港路和横三路交界处北侧,3室户型(1)，4室户型(3),暂无数据,暂无数据,住宅:2.5,在建中，竣工时间：2020-03-28,住宅:高层,120000m²,佛山市荃享房地产开发有限公司,世茂地产,住宅 60.9万（首付比例：30%),2018-08-25,高层,[禅城-南庄]绿岛湖禅港路和横三路交界处北侧,住宅203-234万元/套,住宅:3元/平米/月,世茂天成物业服务集团有限公司,暂无数据,35%,暂无数据,733户,720个,1:1,在售
182,富星半岛,"['今年交房', '项目在建', '大型社区', '公园', '医院', '银行', '便利店', '配套纯熟', '厨卫全明', '大户型']",预计2020年6月交房,住宅 70年,暂无数据,160000m²,住宅9400元/㎡(单价范围 9100-9700元/㎡),荷城高明大道以南、沧江路以东,3室户型(3)，4室户型(1),暂无数据,暂无数据,住宅:2.4,在建中，竣工时间：2017-12-30,住宅:高层,440000m²,佛山市高明区大家好房地产有限公司,香港盈信富星地产集团,住宅 33.3万（首付比例：30%),2019-02-25,低层，高层,[高明-荷城]高明大道东492号（秀丽河泵站交界处）,住宅111-135万元/套,住宅:1.7元/平米/月,广州珠江物业酒店管理公司,暂无数据,30%,暂无数据,1950户 (总共 1950 户 当期 398 户),2312个(停车位:共2312个停车位),1:1,在售
183,路劲天隽汇,"['项目在建', '沿街商铺', '人车分流', '江景地产', '公园', '学校', '南北通透', '厨卫全明', '主卧套房', '大户型']",预计2021年交房,住宅 70年 别墅 70年,暂无数据,21956m²,住宅待定,佛山市顺德区容桂容奇大道27号,别墅户型(3),暂无数据,暂无数据,"住宅:3,别墅:3",在建中，竣工时间：2020-12-31,住宅:多层 高层 别墅:叠加别墅,97755m²,佛山隽智房地产开发有限公司,暂无数据,暂无数据 [房贷计算器],2019-03-30,1号楼高28层，2座30层，3座34层，4、5座31层，6-7、9-10座6层。,[顺德-容桂]容奇大道27号,别墅500万元/套,住宅:1.7元/平米/月,路劲物业,暂无数据,35%,暂无数据,584户,659个,1:1.1,在售
184,恒福容悦,"['品牌开发商', '厨卫全明', '大阳台', '双卫生间', '大户型', '项目在建', '高绿化率', '配套纯熟', '便利店', '医院']",2020-06-30,住宅 70年,暂无数据,18175m²,住宅15000元/㎡,容桂街道红星社区居民委员会文滘路10号（胡锦超职业技术学校旁),3室户型(4)，4室户型(2),暂无数据,暂无数据,住宅:3,在建中，竣工时间：2020-12-31,住宅:高层,71889m²,佛山市顺德区恒利房地产有限公司,广东恒福集团,住宅 39.9万（首付比例：30%),2019-03-16,20层,[顺德-容桂]容桂街道红星社区居民委员会文滘路10号,住宅133-173万元/套,住宅:3元/平米/月,佛山市恒福物业管理有限公司,暂无数据,37%,暂无数据,494户,暂无数据,暂无数据,在售
185,华侨城天鹅湖,"['项目在建', '大型社区', '车位充足', '人车分流', '大户型', '双阳台', '主卧套房', '今年交房']",2019-12-31,住宅 70年 别墅 70年,暂无数据,410000m²,住宅20000元/㎡(单价范围 20000-22000元/㎡),顺德区大良南国东路与碧桂路交汇处西南角,3室户型(3)，4室户型(5)，5室户型(1)，别墅户型(3),暂无数据,500,"住宅:1.2,别墅:1.2",在建中，竣工时间：2016-11-30,住宅:小高层 高层 别墅:独栋别墅 联排别墅 双拼别墅,720000m²,广东顺德华侨城实业发展有限公司,广东顺德华侨城实业发展有限公司,住宅 70.8万（首付比例：30%)，别墅 210万（首付比例：30%),2018-03-17,包含高层洋房、双拼、联排别墅,[顺德-大良]南国东路32号,"住宅236-534万元/套, 别墅700-5000万元/套",住宅:4.2元/平米/月 别墅:7元/平米/月,仲量联行物业顾问有限公司,暂无数据,30%,暂无数据,2000户,500个,1:0.3,在售
186,美的中交翰诚,"['项目在建', '装修交付', '人车分流', '南北通透', '厨卫全明', '双卫生间', '双阳台', '大户型', '低单价']",2020-07-31,住宅 70年,暂无数据,38000m²,住宅14500元/㎡(单价范围 14000-15000元/㎡),佛山市顺德区杏坛镇德富路62号,3室户型(1)，4室户型(3),暂无数据,暂无数据,住宅:2,在建中，竣工时间：2019-12-31,住宅:高层,105000m²,佛山市顺德区美的中交房地产有限公司,美的置业 中交地产,住宅 39.3万（首付比例：30%),2018-08-19,楼高23—32层,[顺德-杏坛]德富路62号,住宅131-187万元/套,住宅:3元/平米/月,广东美的物业管理股份有限公司,暂无数据,30%,暂无数据,710户,853个,1:1.2,在售
187,雅丽豪庭,"['今年交房', '项目在建', '装修交付', '大型社区', '车位充足', '学校', '银行', '便利店', '厨卫全明', '大户型']",2020-07-31,住宅 70年,暂无数据,260000m²,住宅16000元/㎡,佛山南海区罗村贵隆路1号,2室户型(1)，3室户型(4)，4室户型(4)，5室户型(1),暂无数据,暂无数据,住宅:3.07,在建中，竣工时间：2018-01-30,住宅:多层 小高层 高层,771841m²,佛山南海贵隆房地产发展有限公司,佛山南海贵隆房地产发展有限公司,住宅 32万（首付比例：20%),2018-08-25,多层，小高层,[南海-罗村]贵隆路1号,住宅160-640万元/套,住宅:2元/平米/月,雅居乐物业管理服务有限公司,暂无数据,30%,暂无数据,6905户 (总共 3800 户),3800个,1:0.6,在售
188,世爵府邸,"['低单价', '车位充足', '学校', '银行', '便利店', '厨卫全明', '大户型', '双卫生间', '双阳台', '今年交房']",2019-02-28,住宅 70年,暂无数据,55697m²,住宅13500元/㎡(单价范围 13000-14000元/㎡),佛山市南海区西樵镇官山片区樵华路西侧,3室户型(3)，4室户型(1),200,暂无数据,住宅:2.75,已竣工，交房时间：2018-12-31,住宅:小高层 高层,202261m²,佛山紫元房地产开发有限公司,佛山紫元房地产开发有限公司,住宅 34.2万（首付比例：30%),2018-10-20,15-26层,[南海-西樵]庆和街,住宅114-159万元/套,住宅:2.2元/平米/月,中奥物业,暂无数据,25%,暂无数据,1253户,500个,1:0.4,在售
189,乐添星际半岛,"['项目在建', '大平层', '大型社区', '车位充足', '学校', '便利店', '南北通透', '复式', '大户型', '大阳台']",2020-06-30,住宅 70年,暂无数据,86000m²,住宅15000元/㎡,佛山市顺德区乐从南区新城星际路,3室户型(1)，4室户型(1)，别墅户型(1),暂无数据,600,住宅:2.75,在建中，竣工时间：2017-06-30,住宅:高层 别墅:联排别墅,360000m²,乐从供销集团乐添房产经营有限公司,乐从供销集团乐添房产经营有限公司,住宅 49.5万（首付比例：30%)，别墅 300万（首付比例：30%),2018-03-29,37层,[顺德-乐从]映翠南路,"住宅165-240万元/套, 别墅1000-1600万元/套",住宅:2.8元/平米/月 别墅:2.8元/平米/月,嘉豪物业,暂无数据,25%,暂无数据,1253户,600个,1:0.3,在售
190,国瑞铂金公馆,"['新开盘', '项目在建', '品牌开发商', '购物中心', '公园', '学校', '银行', '便利店', '配套纯熟', '厨卫全明']",交楼时间待定,住宅 70年,暂无数据,90231m²,住宅16500元/㎡(最低 14888元/㎡起),佛山市禅城区祖庙街道汾宁路62号,1室户型(2)，2室户型(1)，3室户型(4),暂无数据,暂无数据,住宅:3.8,在建中，竣工时间：2020-12-31,住宅:高层,356490m²,佛山市国瑞南方地产开发有限公司,国瑞置业,住宅 19.5万（首付比例：30%),2019-03-27,2#17层,[禅城-祖庙]汾宁路62号,住宅65-229万元/套,住宅:2.8元/平米/月 别墅:2.8元/平米/月,北京国瑞物业服务有限公司,暂无数据,25%,暂无数据,364户 (住宅),暂无数据,暂无数据,在售
191,悦万城,"['轨交房', '品牌开发商', '人车分流', '购物中心', '商业街', '公园', '医院', '学校', '银行', '便利店']",2018-09-01,住宅 70年,暂无数据,39637m²,住宅23000元/㎡,南海区桂城南海大道北46号,1室户型(2)，4室户型(1),50,1656,住宅:4.5,已竣工，交房时间：2018-09-01,住宅:高层,209582m²,佛山市南海万业置地有限公司,暂无数据,暂无数据 [房贷计算器],2016-07-01,1、4座住宅楼高22层,[南海-桂城]南海大道北46号,住宅494万元/套,住宅:2.47元/平米/月,佛山和丰物业管理有限公司,暂无数据,26%,暂无数据,797户,1706个,1:2,在售
192,金辉路劲江山云著,"['今年交房', '项目在建', '装修交付', '品牌开发商', '公园', '银行', '厨卫全明', '大户型', '双卫生间']",2019-12-31,住宅 70年,暂无数据,39844m²,住宅15000-17500元/㎡,广东佛山顺德容桂容奇大道东13号,3室户型(1)，4室户型(2),暂无数据,暂无数据,住宅:3.5,在建中，竣工时间：2019-01-30,住宅:高层,139456m²,佛山市启辉房地产有限公司,暂无数据,住宅 42.6万（首付比例：30%),2018-04-28,33-34层,[顺德-容桂]容奇大道东13号,住宅142-250万元/套,住宅:3元/平米/月,广州路劲物业服务有限公司,暂无数据,30%,暂无数据,1231户,861个,0.7:1,在售
193,方圆南海小城之春,"['项目在建', '装修交付', '品牌开发商', '小型社区', '车位充足', '人车分流', '购物中心', '商业街', '医院', '学校']",2019-08-31,住宅 70年,暂无数据,8178m²,住宅21000元/㎡(单价范围 18500-21000元/㎡),佛山市南海区大沥镇工业大道与钟边路交界,3室户型(2)，4室户型(2),暂无数据,暂无数据,住宅:3,在建中，竣工时间：2019-01-30,住宅:小高层,30484m²,方圆地产控股有限公司,暂无数据,住宅 51.9万（首付比例：30%),2018-05-01,3-15层,[南海-大沥]工业大道与钟边路交界,住宅173-270万元/套,住宅:2.47元/平米/月,方圆现代生活物业管理有限公司,暂无数据,30%,暂无数据,186户,132个,1:0.7,在售
194,盈生林上湾,"['今年交房', '低单价', '项目在建', '购物中心', '公园', '医院', '厨卫全明', '大户型']",2019-03-30,住宅 70年 商业 40年,暂无数据,32231m²,"商业14000元/㎡(单价范围 14000-16000元/㎡), 住宅待定",佛山市顺德区北滘镇林上路活力体育中心西侧,3室户型(1)，4室户型(2)，商业户型(3),暂无数据,暂无数据,"住宅:3.28,商业:3.28",在建中，竣工时间：2018-02-28,住宅:高层 商业 高层,160000m²,佛山市顺德区盈生房地产有限公司,暂无数据,商业 30.5万（首付比例：50%),2017-04-01,楼高28层，5梯24户设计,[顺德-北滘]林上路活力体育中心西侧,商业61-164万元/套,住宅:1.9元/平米/月 商业:3.5元/平米/月,佛山市顺德区盈生房地产有限公司,暂无数据,30%,暂无数据,800户,暂无数据,1:1,在售
195,博澳城,"['低单价', '项目在建', '装修交付', '大型社区', '车位充足', '大户型', '双卫生间', '主卧套房', '今年交房']",2019-08-30,住宅 70年 别墅 70年,暂无数据,303000m²,"住宅14000元/㎡(单价范围 14000-15000元/㎡), 别墅15800元/㎡",顺德大良伦桂路与凤翔路交汇处（大良华盖路3公里）,3室户型(7)，4室户型(3)，5室户型(1),暂无数据,500,"住宅:2.65,别墅:2.65",在建中，竣工时间：2019-06-30,住宅:高层 别墅:联排别墅,800000m²,"佛山市顺德区兆辉投资置业有限公司,佛山市顺德区兆锐房地产有限公司",佛山市顺德区兆辉投资置业有限公司,住宅 39万（首付比例：30%)，别墅 142.2万（首付比例：30%),预计12月底加推别墅,24-28层,[顺德-大良]伦桂路,"住宅130-142万元/套, 别墅474-948万元/套",住宅:1.7元/平米/月,广东中奥物业管理有限公司,暂无数据,35%,暂无数据,5800户 (总共 5800 户),500个(地下车库),1:0.1,在售
196,丽日坚美森林湖,"['低单价', '项目在建', '学校', '银行', '大户型', '双阳台', '主卧套房']",2017-09-30,住宅 70年 别墅 70年,暂无数据,218311m²,"住宅11000元/㎡, 别墅18000元/㎡(单价范围 18000-25000元/㎡)",云东海大道森林公园东门南侧,2室户型(1)，3室户型(1),暂无数据,暂无数据,住宅:1,在建中，竣工时间：2018-08-31,住宅:小高层 别墅:双拼别墅,214457m²,佛山市三水丽日坚美房地产有限公司,佛山市三水丽日坚美房地产有限公司,住宅 54.3万（首付比例：30%)，别墅 185.7万（首付比例：30%),2016-09-18,板楼,[三水-云东海]云东海大道森林公园东门南侧,"住宅181万元/套起, 别墅619-1050万元/套",住宅:1.3元/平米/月 别墅:1.8元/平米/月,佛山市星城物业管理有限公司,暂无数据,70%,暂无数据,1000户 (总共 1000 户 当期 391 户),"300个(停 车 位：1:1, 一期约300个)",1:1,在售
197,中怡新天地,"['今年交房', '项目在建', '车位充足', '便利店', '学校', '银行']",公寓预计2019年10月交房,住宅 70年 商业 40年,暂无数据,77910m²,"住宅16500元/㎡(单价范围 16000-17000元/㎡), 商业13000-19000元/㎡",顺德区大良永同路1号（即凤城食都旁）,商业户型(2),暂无数据,暂无数据,"住宅:4.5,商业:4.5",在建中，竣工时间：2019-01-31,住宅:高层 商业 高层,12454m²,佛山市中怡盛合地产置业有限公司,暂无数据,住宅 46.8万（首付比例：30%)，商业 26.5万（首付比例：50%),2017-07-02,楼高23或27层,[顺德-大良]永同路1号（即凤城食都旁）,"住宅156-219万元/套, 商业53-89万元/套",住宅:3-3.5元/平米/月 商业:3.5-4元/平米/月,佛山市顺德区登图物业管理有限公司,暂无数据,30%,暂无数据,843户,514个,1:0.6,在售
198,三水富景花园雍景苑,"['今年交房', '低单价', '项目在建', '装修交付', '低容积', '小型社区', '购物中心', '公园', '医院', '学校']",2019-09-30,住宅 70年,暂无数据,9686m²,住宅9180元/㎡,三水区白坭镇黄金大道68号,3室户型(3),暂无数据,暂无数据,住宅:1.88,在建中，竣工时间：2019-08-31,住宅:小高层,7484m²,佛山市三水区隔海房产开发有限公司,暂无数据,住宅 30万（首付比例：30%),2018-11-17,7-11层,[三水-白坭]黄金大道68号,住宅100-118万元/套,住宅:3-3.5元/平米/月 商业:3.5-4元/平米/月,佛山市鸿裕物业管理有限公司,暂无数据,暂无数据,暂无数据,142户,暂无数据,暂无数据,在售
199,上林苑,"['项目在建', '大型社区', '车位充足', '购物中心', '学校', '银行', '厨卫全明', '大户型', '小户型', '双卫生间']",2017-09-30,住宅 70年,暂无数据,150000m²,住宅15500元/㎡,佛山市南海区狮山镇三环东路9号（邻近小塘行政商业中心）,2室户型(1)，3室户型(5)，4室户型(2),暂无数据,暂无数据,住宅:1.88,在建中，竣工时间：2016-12-30,住宅:高层,550000m²,佛山市南海恒胜置业有限公司,佛山市南海恒胜置业有限公司,住宅 66.9万（首付比例：30%),2017-04-28,塔楼 高层,[南海-狮山]三环东路9号,住宅223-277万元/套,住宅:1.8元/平米/月,佛山市南海区豪信物业管理有限公司,暂无数据,暂无数据,暂无数据,142户,1200个(暂无资料),1:0.2,在售
200,金地天玺,"['品牌开发商', '公园', '银行', '便利店', '南北通透', '厨卫全明', '复式', '大户型', '双阳台', '主卧套房']",2014-12-30,住宅 70年,暂无数据,40000m²,住宅22000元/㎡(单价范围 17000-22000元/㎡),佛山市顺德区大良云近东区驹荣北路2号（清晖园附近）,2室户型(1)，4室户型(2),暂无数据,暂无数据,住宅:1.88,已竣工，交房时间：2014-12-30,住宅:高层,169128m²,佛山市顺德区金地房地产开发有限公司,佛山市顺德区金地房地产开发有限公司,住宅 290.4万（首付比例：30%),2013-09-20,超高层,[顺德-大良]东禾路,住宅968-1296万元/套,住宅:4.8元/平米/月,金地物业管理集团公司,暂无数据,暂无数据,暂无数据,142户,400个(暂无资料),1:1.1,在售
201,顺建乐明轩,"['今年交房', '低单价', '项目在建', '小型社区', '人车分流', '学校', '厨卫全明', '双卫生间']",预计2019年10月交房,住宅 70年,暂无数据,8176m²,住宅13000元/㎡(单价范围 12500-13500元/㎡),佛山市顺德区大良展翔路12号东（花畔里旁）,3室户型(5),暂无数据,暂无数据,住宅:3,在建中，竣工时间：2019-06-30,住宅:高层,34494m²,佛山市顺德区顺建房地产投资有限公司,暂无数据,住宅 33.9万（首付比例：30%),2018-07-28,20层,[顺德-大良]展翔路12号东（花畔里旁）,住宅113-140万元/套,住宅:2元/平米/月,佛山市顺德区天池物业管理有限公司,暂无数据,30%,暂无数据,226户,258个,1:1.14,在售
202,美的合能桂畔君兰,"['项目在建', '装修交付', '品牌开发商', '人车分流', '银行', '南北通透', '厨卫全明', '双卫生间', '双阳台', '大户型']",预计2020年年中交楼,住宅 70年,暂无数据,47107m²,住宅22000元/㎡,顺德区大良北新基北路桂畔海旁,3室户型(1)，4室户型(2),暂无数据,暂无数据,住宅:3,在建中，竣工时间：2019-12-31,住宅:高层,220000m²,佛山市顺德区美畔房产有限公司,暂无数据,住宅 58.5万（首付比例：30%),2018-12-01,高层,[顺德-大良]顺德东部新城商圈大良北新基北路桂畔海旁,住宅195-281万元/套,住宅:2.8元/平米/月,美的物业管理有限公司,暂无数据,35%,暂无数据,1500户,暂无数据,1.12,在售
203,保利珑门,"['项目在建', '品牌开发商', '大型社区', '车位充足', '人车分流', '购物中心', '公园', '医院', '学校', '银行']",2020-12-31,住宅 70年,暂无数据,86416m²,住宅21000元/㎡(单价范围 20000-22000元/㎡),南海区大沥镇广佛商贸城内中央大街东侧,3室户型(4)，4室户型(2),暂无数据,500,住宅:3.3,在建中，竣工时间：2019-07-30,住宅:小高层 高层,400738m²,百隆房地产开发有限公司,保利地产,住宅 54万（首付比例：30%),2018-12-04,33层,[南海-大沥]滘口路,住宅180-374万元/套,住宅:2.47-2.8元/平米/月,保利物业,暂无数据,25%,暂无数据,1591户,500个,1:0.3,在售
204,鸿业畔湖居,"['低单价', '项目在建', '车位充足', '人车分流', '学校', '银行', '便利店', '厨卫全明', '大户型', '双卫生间']",2020-12-31,住宅 70年,暂无数据,34000m²,住宅12000元/㎡,佛山市南海区狮山镇虹岭路236号,2室户型(1)，3室户型(4)，4室户型(2),暂无数据,暂无数据,住宅:2.5,在建中，竣工时间：2018-06-30,住宅:小高层 高层,116700m²,佛山市鸿业房地产开发有限公司,暂无数据,住宅 38.7万（首付比例：30%),2018-07-29,楼高12-13层,[南海-狮山]虹岭路236号,住宅129-166万元/套,住宅:2.3元/平米/月,广州珠江物业管理佛山分公司,暂无数据,15%,暂无数据,799户,701个,1:0.9,在售
205,美的君兰江山,"['品牌开发商', '大型社区', '车位充足', '厨卫全明', '大户型', '双卫生间']",2018-12-31,住宅 70年,暂无数据,150000m²,住宅25000元/㎡(单价范围 24000-26000元/㎡),佛山市顺德区北滘镇君兰高尔夫国际生活村内,3室户型(1)，4室户型(5)，5室户型(1)，6室户型(1),暂无数据,暂无数据,住宅:2.8,已竣工，交房时间：2018-03-30,住宅:高层,420000m²,广东美的置业有限公司,广东美的置业有限公司,住宅 76.8万（首付比例：30%),2017-05-01,美的君兰江山大君兰十五年来唯一的高层洋房组团,[顺德-北滘]美的大道10号,住宅256-504万元/套,住宅:3元/平米/月,美的物业管理有限公司,暂无数据,30%,暂无数据,2100户 (总共 1200 户 当期 210 户),100个,1:0,在售
206,中惠璧珑湾,"['项目在建', '装修交付', '品牌开发商', '高绿化率', '人车分流', '商业街', '学校', '银行', '大户型', '今年交房']",预计2020年3月交房,住宅 70年,暂无数据,40242m²,住宅19000元/㎡(单价范围 18000-20000元/㎡),佛山市顺德大良南区（大良河畔，龙的酒楼对面）,4室户型(4),暂无数据,暂无数据,住宅:2.65,在建中，竣工时间：2019-08-31,住宅:高层,159470m²,佛山市熙腾房地产有限公司,暂无数据,住宅 53.4万（首付比例：30%),2018-03-30,17到23层,[顺德-大良]南区（大良河畔，龙的酒楼对面）,住宅178-276万元/套,住宅:2.9元/平米/月,东莞市熙元物业有限公司,暂无数据,38%,暂无数据,709户,1070个,1:1.5,在售
207,鸿晖依岸康堤,"['项目在建', '大型社区', '车位充足', '公园', '医院', '学校', '银行', '便利店', '配套纯熟', '南北通透']",2018-08-30,住宅 70年,暂无数据,126000m²,"别墅22000元/㎡, 住宅待定",桂平中路与深海路交界（保时捷对面）,3室户型(3)，4室户型(1)，5室户型(2),500,暂无数据,住宅:2.65,在建中，竣工时间：2018-04-30,住宅:高层 别墅:独栋别墅 联排别墅 双拼别墅,430000m²,佛山市南海鸿晖房地产开发有限公司,佛山市南海鸿晖房地产开发有限公司,别墅 379.5万（首付比例：30%),2016-11-18,楼高32层，2梯4户设计,[南海-桂城]桂平中路,别墅1265-1342万元/套,住宅:2.5元/平米/月 别墅:2.8元/平米/月,佛山鸿晖物业管理有限公司,暂无数据,38%,暂无数据,709户,680个,1:0.3,在售
208,鸿晖康怡名都,"['项目在建', '装修交付', '小型社区', '车位充足', '人车分流', '商业街', '公园', '学校', '银行', '便利店']",2018-03-28,住宅 70年,暂无数据,3200m²,"住宅16500元/㎡(单价范围 16000-17000元/㎡), 商业待定",佛山市南海区桂城平洲公园东侧,3室户型(1)，4室户型(1),暂无数据,暂无数据,住宅:2.65,在建中，竣工时间：2017-11-30,住宅:高层 商业 小高层,15000m²,佛山市南海鸿贵房地产开发有限公司,暂无数据,住宅 60万（首付比例：30%),2017-03-25,楼高11层，2梯13户,[南海-桂城]平洲公园东侧,住宅200-255万元/套,住宅:3.5元/平米/月 商业:3.5元/平米/月,佛山市南海鸿晖物业管理有限公司,暂无数据,38%,暂无数据,709户,200个,1:0.8,在售
209,保利i立方,"['低单价', '项目在建', '装修交付', '人车分流', '银行', '便利店', '小型社区', '配套纯熟', '医院', '学校']",2020-12-31,住宅 70年,暂无数据,10266m²,住宅13000元/㎡,佛山市禅城区物华路27号（华宝北路与物华路交汇处）,,暂无数据,暂无数据,住宅:4.45,在建中，竣工时间：2019-11-30,住宅:高层,58414m²,佛山保利房地产开发有限公司,暂无数据,住宅 35.1万（首付比例：30%),2018-10-20,18层,[禅城-张槎]物华路27号（华宝北路与物华路交汇处）,住宅117-157万元/套,住宅:2.45元/平米/月,保利（佛山）物业服务有限公司,暂无数据,25%,暂无数据,170户,529个,1:3.1,在售
210,中海新城1号,"['装修交付', '大型社区', '热评楼盘', '今年交房', '热搜盘']",预计2020年5月交房,住宅 70年,暂无数据,91408m²,住宅10000-13000元/㎡,广东省肇庆市肇庆新区商务中心对面,,暂无数据,暂无数据,住宅:3.3,暂无数据,住宅:小高层 高层,397534m²,肇庆中海嘉兴房地产开发有限公司,中海地产,暂无数据 [房贷计算器],已于2018年7月底开盘,51栋；板楼 小高层 高层,[佛山周边-其他]肇庆新区商务中心对面,住宅117-157万元/套,住宅:2.45元/平米/月,中海物业,暂无数据,暂无数据,暂无数据,2367户,暂无数据,暂无数据,在售
211,融创书院豪庭,"['项目在建', '人气楼盘', '热评楼盘', '热搜盘', '今年交房', '低单价']",预计2020年10月交房,住宅 70年,暂无数据,250000m²,住宅6500元/㎡,肇庆四会市四会大道城中区府西600米,,暂无数据,暂无数据,暂无数据,在建中，竣工时间：2018-12-31,住宅:高层,1000000m²,四会市中易投资开发有限公司,融创中国,住宅 19.5万（首付比例：30%),2019年3月初开盘,高层、小高层,[佛山周边-其他]肇庆四会市四会大道城中区府西600米,住宅65-91万元/套,住宅:2.45元/平米/月,融创物业,暂无数据,30%,暂无数据,暂无数据,暂无数据,暂无数据,在售
212,时代倾城（鹤山）,"['项目在建', '装修交付', '品牌开发商', '大型社区', '大户型', '双卫生间', '双阳台']",预计2020年6月交房,住宅 70年,暂无数据,120804m²,住宅8300元/㎡,鹤山市大雁山风景区旁,3室户型(5)，4室户型(3),暂无数据,暂无数据,住宅:2.7,在建中，竣工时间：暂无数据,住宅:高层 超高层,377707m²,鹤山市兆盈物业发展有限公司,时代中国控股有限公司,暂无数据 [房贷计算器],2018年12月1日16栋开盘,21；25；32层,[佛山周边-其他]大雁山风景区旁,住宅65-91万元/套,住宅:1.8元/平米/月,广州市时代物业管理服务有限公司,暂无数据,30%,暂无数据,2704户,2783个(地下2383个，地上400个),1:1.02,在售
213,龙光玖龙湾,"['装修交付', '品牌开发商', '大型社区', '车位充足', '人车分流', '大户型', '热评楼盘', '热搜盘', '人气楼盘']",预计2020年9月交房,住宅 70年,暂无数据,64893m²,住宅8000元/㎡,肇庆市鼎湖区观砚大道（鼎湖山站旁）,2室户型(1)，4室户型(1),暂无数据,1990,住宅:4,暂无数据,住宅:高层,339258m²,肇庆市龙光骏驰房地产有限公司,龙光地产,暂无数据 [房贷计算器],已于2018年上半年开盘,高层,[佛山周边-其他]肇庆市鼎湖区观砚大道（鼎湖山站旁）,住宅65-91万元/套,住宅:1.8元/平米/月,暂无数据,暂无数据,暂无数据,暂无数据,2143户,1990个,1:0.9,在售
214,碧桂园·盛世花园,"['项目在建', '购物中心', '商业街', '医院', '学校', '银行', '便利店', '配套纯熟', '大户型', '今年交房']",预计2020年6月份交房,住宅 70年,暂无数据,60306m²,住宅7700元/㎡,凤凰大道88号,3室户型(3)，4室户型(4),暂无数据,暂无数据,住宅:3,在建中，竣工时间：2020-03-25,住宅:高层 超高层,218620m²,台山市碧桂园房地产开发有限公司,暂无数据,暂无数据 [房贷计算器],已于2019年2月份开盘,高层,[佛山周边-其他]凤凰大道88号,住宅65-91万元/套,住宅:1.68元/平米/月,广东碧桂园物业管理有限公司（台山分公司）,暂无数据,25%,暂无数据,1305户,1503个,1:1.15,在售
215,碧桂园凤凰半岛,"['项目在建', '装修交付', '品牌开发商', '大型社区', '车位充足', '人车分流', '大户型', '人气楼盘', '热评楼盘', '热搜盘']",预计2019年年底交房,住宅 70年 别墅 70年,暂无数据,134666m²,"住宅7500-7800元/㎡, 别墅16000-18000元/㎡",肇庆四会市东城区南田景观大道（市政府西北侧）,3室户型(1)，4室户型(5),暂无数据,暂无数据,住宅:2.8,在建中，竣工时间：暂无数据,住宅:多层 高层 花园洋房 别墅:双拼别墅,495339m²,四会臻汇园物业发展有限公司,暂无数据,暂无数据 [房贷计算器],已于2018年下半年开盘,楼高6层,[佛山周边-其他]东城区南田景观大道（市政府西北侧）,住宅65-91万元/套,住宅:2.8元/平米/月,碧桂园物业管理公司,暂无数据,30%,暂无数据,2520户,1560个,1:0.6,在售
216,保利爱乐小镇,"['装修交付', '大型社区', '车位充足', '大户型', '人气楼盘', '热评楼盘', '热搜盘', '今年交房', '项目在建']",预计2020年9月交房,住宅 70年,暂无数据,209398m²,住宅8000元/㎡,肇庆市大旺大道和文德七街交汇处（国家高新区，肇庆大旺站旁）,3室户型(5)，4室户型(2)，5室户型(1),6037,暂无数据,暂无数据,在建中，竣工时间：暂无数据,住宅:高层,730000m²,肇庆市弘旺企业管理有限公司,保利华南实业有限公司,暂无数据 [房贷计算器],已于2019年3月开盘,28-33层,[佛山周边-其他]大旺大道和文德七街交汇处,住宅65-91万元/套,住宅:2.8元/平米/月,暂无数据,暂无数据,30%,暂无数据,6498户,6037个,1:0.9,在售
217,碧桂园龙熹山,"['项目在建', '装修交付', '品牌开发商', '大型社区', '大户型', '人气楼盘', '热评楼盘', '热搜盘', '今年交房', '低单价']",预计2020年年底交房,住宅 70年 别墅 70年,暂无数据,273333m²,"住宅7300元/㎡, 别墅待定",肇庆市高要区南兴四路高要交警大队旁直行200米,3室户型(2)，4室户型(1)，别墅户型(2),暂无数据,暂无数据,"住宅:2.4,别墅:2.4",在建中，竣工时间：暂无数据,住宅:多层 小高层 高层 别墅:双拼别墅,730000m²,肇庆市高要区必扬置业有限公司,暂无数据,暂无数据 [房贷计算器],已于2017年12月开盘,别墅3层、洋房9-34层,[佛山周边-其他]肇庆市高要区南兴四路高要交警大队旁直行200米,住宅65-91万元/套,住宅:2.8元/平米/月,广东碧桂园物业服务股份有限公司,暂无数据,30%,暂无数据,5000户 (超过5000户),暂无数据,暂无数据,在售
218,保利春晓,"['项目在建', '装修交付', '品牌开发商', '大型社区', '人车分流', '大户型', '大阳台', '双卫生间', '全景飘窗', '热评楼盘']",16栋预计2020年底交楼,住宅 70年,暂无数据,91546m²,"住宅8800元/㎡(单价范围 8600-18000元/㎡), 别墅17000元/㎡(单价范围 16000-18000元/㎡)",清远市广清高速龙塘出口右转约6公里,2室户型(3)，3室户型(2)，别墅户型(2),暂无数据,暂无数据,住宅:2.75,在建中，竣工时间：暂无数据,住宅:高层,302893m²,清远鑫恒房地产有限公司,暂无数据,住宅 25.5万（首付比例：30%)，别墅 54万（首付比例：30%),3栋于2018年底开盘,#1~6#34层（洋房）；#1~12#33层（洋房）；叠拼别墅为4层；联排别墅为3层，,[佛山周边-其他]广清高速龙塘出口右转约6公里,"住宅112万元/套(总价范围 85-243万元/套), 别墅204万元/套(总价范围 180-260万元/套)",住宅:2.8元/平米/月,暂无,暂无数据,30%,暂无数据,1832户,1491个,0.8:1,在售
219,恒大世纪梦幻城,"['恒大大优惠', '装修交付', '人气楼盘', '热评楼盘', '热搜盘', '今年交房', '项目在建', '低单价']",预计2019年年底可交房,住宅 70年 别墅 70年 商业 40年,暂无数据,342m²,"住宅7300元/㎡, 别墅待定, 商业8500元/㎡",肇庆市高要市回龙镇一九五乡道原肇庆高尔夫度假村内,2室户型(1),暂无数据,暂无数据,住宅:1.66,在建中，竣工时间：2019-12-31,住宅:小高层 高层 别墅:独栋别墅 联排别墅,238m²,广东聚廷峰房地产开发有限公司,暂无数据,住宅 18.9万（首付比例：30%),2018年上半年已开盘,中高层,[佛山周边-其他]肇庆市高要市回龙镇一九五乡道原肇庆高尔夫度假村内,住宅63-86万元/套,住宅:2.8元/平米/月,金碧物业管理有限公司,暂无数据,30%,暂无数据,暂无数据,暂无数据,暂无数据,在售
220,雅瑶绿洲星悦湾,"['今年交房', '项目在建', '装修交付', '大型社区', '学校', '大户型', '大阳台', '双卫生间', '全景飘窗', '人气楼盘']",2020-09-30,住宅 70年 别墅 70年,暂无数据,247987m²,"住宅17888元/㎡起, 别墅待定",佛山市南海区大沥镇雅瑶（南海碧桂园旁）,3室户型(1)，4室户型(2)，别墅户型(2),暂无数据,暂无数据,"住宅:1.1,别墅:1.1",在建中，竣工时间：2019-08-31,住宅:高层 别墅:独栋别墅 联排别墅 双拼别墅,357753m²,佛山市南海信达房地产有限公司,汉国置业有限公司（香港）,住宅 35.6万（首付比例：20%),2018-09-18,小高层 城市艺墅,[佛山周边-其他]雅瑶（南海碧桂园旁）,住宅178-322万元/套,住宅:2.4元/平米/月 别墅:2.6-3.6元/平米/月,广州市创浚物业管理有限公司南海分公司,暂无数据,35%,暂无数据,1720户,2192个,1:1.3,在售
221,融创鼎湖府,"['品牌开发商', '大型社区', '车位充足', '热评楼盘', '低单价', '热搜盘', '人气楼盘']",预计2020年8月交房,住宅 70年 别墅 70年,暂无数据,137800m²,"住宅7200元/㎡, 别墅待定",肇庆市鼎湖区鼎湖大道与桃园路交汇处,,208,2467,"住宅:2.36,别墅:2.36",暂无数据,住宅:高层 花园洋房 别墅:联排别墅,459000m²,肇庆兴融房地产开发有限公司,融创中国,暂无数据 [房贷计算器],已于2018年下半年开盘,2层、19层、27层、30层，顶层无复式。,[佛山周边-其他]鼎湖大道与桃园路交汇处,住宅178-322万元/套,住宅:2.4元/平米/月 别墅:2.6-3.6元/平米/月,融创物业有限公司,暂无数据,30%,暂无数据,2700户 (项目总户数约2700户，大地块约1523户。其中一期702户，一期第一批216户。),2675个(地上208个，地下2467，合计2675个。),1:0.9,在售
222,郁南碧桂园,"['低单价', '项目在建', '装修交付', '大户型', '今年交房']",预计2019年下半年交房,住宅 70年,暂无数据,68716m²,住宅5700元/㎡,云浮市郁南县都城镇西江实验学校旁,3室户型(1)，4室户型(2)，6室户型(1),暂无数据,暂无数据,住宅:2.5,在建中，竣工时间：暂无数据,住宅:小高层 高层,204736m²,郁南县碧桂园房地产开发有限公司,暂无数据,暂无数据 [房贷计算器],2019-02-03,33层,[佛山周边-其他]都城镇西江实验学校旁,住宅178-322万元/套,住宅:2.4元/平米/月 别墅:2.6-3.6元/平米/月,广东碧桂园物业服务股份有限公司郁南分公司,暂无数据,32%,暂无数据,1248户,1280个,1:1,在售
223,时代春树里,"['低单价', '项目在建', '装修交付', '品牌开发商', '大型社区', '车位充足', '大户型', '人气楼盘', '热评楼盘', '热搜盘']",预计2020年6月2/3栋洋房,住宅 70年,暂无数据,90034m²,住宅7500元/㎡,江门鹤山市中欧合作核心区（笔架山公园旁）,2室户型(1)，3室户型(4)，4室户型(1),95,1332,住宅:2,在建中，竣工时间：2019-09-10,住宅:高层,228294m²,鹤山市河成房地产开发有限公司,暂无数据,住宅 16.2万（首付比例：30%),2018年12月16栋开盘,"1-4栋23层；5-8栋32层；9、13-15栋27层；10栋为25层；11-12,16栋为24层",[佛山周边-其他]江门鹤山市中欧合作核心区（笔架山公园旁）,住宅54-98万元/套,住宅:2.4元/平米/月 别墅:2.6-3.6元/平米/月,广州市时代物业管理有限公司鹤山市分公司,暂无数据,30%,暂无数据,1636户,1427个,1:0.87,在售
224,碧桂园豪布斯卡,"['项目在建', '装修交付', '人车分流', '购物中心', '商业街', '银行', '便利店', '配套纯熟', '热评楼盘']",预计2021年1月交房,住宅 70年,暂无数据,92013m²,住宅9000-11500元/㎡,肇庆市端州区信安大道与东湖二路交汇处东侧（即市新图书馆斜对面）,,暂无数据,暂无数据,住宅:3.94,在建中，竣工时间：暂无数据,住宅:小高层 高层,600000m²,肇庆市顺宝骏景房地产发展有限公司,暂无数据,暂无数据 [房贷计算器],已于2019年第一季度开盘,暂无数据,[佛山周边-其他]信安大道与东湖二路交汇处东侧（即市新图书馆斜对面）,住宅54-98万元/套,住宅:2.4元/平米/月 别墅:2.6-3.6元/平米/月,暂无数据,暂无数据,暂无数据,暂无数据,914户,暂无数据,暂无数据,在售
225,雅居乐天成东玺,"['大户型', '车位充足', '装修交付', '项目在建']",预计2020年交房,住宅 70年,暂无数据,460000m²,住宅7300元/㎡(单价范围 6500-7500元/㎡),揭阳市揭东区开发区人民大道南（揭东开发区管委南侧）,3室户型(3)，4室户型(1),暂无数据,暂无数据,住宅:3.38,在建中，竣工时间：2020-12-31,住宅:高层,190000m²,揭阳市裕东房地产开发有限公司,暂无数据,住宅 19.8万（首付比例：30%),2018年12月1日开盘,暂无数据,[佛山周边-其他]广东·揭阳·人民大道与龙翔路交界（揭东开发区管委会南侧）,住宅66-110万元/套,住宅:2.2元/平米/月,雅生活物业,暂无数据,34%,暂无数据,1030户,948个,1:0.86,在售
226,越秀星汇名庭,"['项目在建', '高绿化率', '大型社区', '学校', '银行', '大户型', '小户型', '今年交房', '热搜盘', '人气楼盘']",预计2019年12月交楼3#,住宅 70年 商业 40年,暂无数据,219000m²,"商业13500元/㎡, 住宅待定",江门市蓬江区北环路南侧,2室户型(1)，3室户型(2)，4室户型(2)，5室户型(1)，6室户型(1)，商业户型(2),暂无数据,暂无数据,"住宅:2.3,商业:2.3",在建中，竣工时间：2019-03-30,住宅:高层,580000m²,江门越秀城建房地产开发有限公司,江门越秀城建房地产开发有限公司,商业 15.9万（首付比例：30%),2018年2月15日已开盘3栋,1-1、2、8、9、12、12幢31层，1-3、4、5、10、11幢18层，1-6、7幢17层，1-14、15、16、17、18幢12层，二期为31层。 ‘,[佛山周边-其他]北环路南侧,商业76万元/套(总价范围 53-98万元/套),住宅:1.96元/平米/月 商业:1.96元/平米/月,越秀地产（江门）物业管理有限公司,暂无数据,44%,暂无数据,2654户,5599个(地下停车位，共5599个车位。),1：1.8,在售
227,碧桂园翡翠郡,"['项目在建', '装修交付', '品牌开发商', '大型社区', '学校', '大户型', '人气楼盘', '热评楼盘', '热搜盘', '今年交房']",预计2019年年底可交房,住宅 70年,暂无数据,50987m²,住宅8500-9100元/㎡,肇庆四会市东城街道上元塘碧桂园翡翠郡,3室户型(1)，4室户型(3),暂无数据,暂无数据,住宅:3.5,在建中，竣工时间：2019-06-29,住宅:高层,212556m²,四会市江谷碧桂园房地产开发有限公司,暂无数据,暂无数据 [房贷计算器],2018年上半年已开盘,高层,[佛山周边-其他]肇庆四会市东城街道上元塘碧桂园翡翠郡,商业76万元/套(总价范围 53-98万元/套),住宅:2.8元/平米/月,广东碧桂园物业服务股份有限公司,暂无数据,35%,暂无数据,1748户,1748个,1:1,在售
228,肇庆恒大西江名郡,"['恒大大优惠', '装修交付', '品牌开发商', '高绿化率', '热搜盘']",预计2021年底交房,住宅 70年 商业 40年,暂无数据,49000m²,"住宅7900-9000元/㎡, 商业9000-10000元/㎡",肇庆·鼎湖区鼎湖大道鼎湖山站,,暂无数据,暂无数据,住宅:4.27,暂无数据,住宅:高层,210000m²,肇庆市鼎湖区恒程房地产开发有限公司,肇庆市鼎湖区恒程房地产开发有限公司,暂无数据 [房贷计算器],已于2018年9月开盘,高层,[佛山周边-其他]鼎湖大道鼎湖山站,商业76万元/套(总价范围 53-98万元/套),住宅:2.8元/平米/月,金碧物业,暂无数据,38%,暂无数据,暂无数据,暂无数据,暂无数据,在售
229,时代星英御岛,"['低单价', '项目在建', '装修交付', '品牌开发商', '学校', '大户型', '大阳台', '双卫生间', '双阳台', '主卧套房']",2019年06月30日5栋交房,住宅 70年,暂无数据,37828m²,住宅21000元/㎡(单价范围 19000-22000元/㎡),佛山市佛山新城花卉世界旁（华阳桥北侧）,3室户型(5)，4室户型(5),暂无数据,暂无数据,住宅:3.5,在建中，竣工时间：2019-11-30,住宅:高层,186500m²,佛山市星英房地产开发有限公司,暂无数据,住宅 62.7万（首付比例：30%),2018-08-07,10栋30-31层高层住宅,[顺德-佛山新城]佛山新城花卉世界旁（华阳桥北侧）,住宅209-396万元/套,住宅:2.6元/平米/月,广州宜家创生物业管理有限公司佛山分公司,暂无数据,35%,暂无数据,978户,1477个,1:1.5,在售
